Time (s),GPS X,GPS Y,GPS Z,GPS Speed (km/h),Gyro X,Gyro Y,Gyro Z,Accel X,Accel Y,Accel Z,Lidar Min Dist (m)
0.0,-45.0,45.88,0.399,0.35,-0.0,-0.0001,0.0,-415.4214,1008.984,-1.4335,21.959
0.01,-45.0,45.88,0.397,0.71,0.0002,-0.0002,-0.0003,0.0019,-0.0649,-0.0217,21.959
0.02,-45.0,45.88,0.394,1.06,0.0002,-0.0003,-0.0003,0.0019,0.0066,-0.0216,21.959
0.03,-45.0,45.88,0.39,1.41,0.0002,-0.0004,-0.0002,0.0019,0.0056,-0.0215,21.959
0.04,-45.0,45.88,0.385,1.77,0.0002,-0.0005,-0.0002,0.0019,0.0049,-0.0215,21.959
0.05,-45.0,45.88,0.379,2.12,0.0002,-0.0006,-0.0002,0.0019,0.0033,-0.0215,21.959
0.06,-45.0,45.88,0.372,2.48,0.0002,-0.0007,-0.0002,0.0019,0.0022,-0.0216,21.959
0.07,-45.001,45.88,0.365,2.65,0.0016,-0.0316,-0.0003,-10.3715,-0.1744,2.7178,20.567
0.08,-45.002,45.88,0.357,2.86,0.0014,-0.0342,-0.0001,-0.4359,0.0374,3.6494,13.892
0.09,-45.005,45.88,0.349,3.0,0.0018,-0.0607,0.001,-9.8063,0.0797,5.5771,20.544
0.1,-45.008,45.88,0.341,3.15,0.0017,-0.0813,0.0025,-9.1064,0.1882,6.4565,20.542
0.11,-45.012,45.88,0.333,3.25,0.0015,-0.0961,0.0037,-7.4933,0.1449,8.8655,20.541
0.12,-45.016,45.88,0.325,3.28,0.0014,-0.1052,0.0048,-5.9241,0.1321,11.1117,21.94
0.13,-45.021,45.88,0.318,3.27,0.0013,-0.1097,0.0057,-4.7687,0.0977,12.9685,21.935
0.14,-45.027,45.88,0.311,3.21,0.0013,-0.1109,0.0066,-4.0988,0.0919,14.4001,21.93
0.15,-45.033,45.88,0.304,3.15,0.0014,-0.1098,0.0073,-3.8322,0.0726,15.4564,21.925
0.16,-45.039,45.88,0.298,3.08,0.0014,-0.107,0.0081,-3.8346,0.0623,16.2153,21.919
0.17,-45.046,45.88,0.293,3.02,0.0015,-0.103,0.0087,-3.9792,0.0518,16.7495,21.913
0.18,-45.053,45.88,0.289,2.99,0.0015,-0.0979,0.0094,-4.1721,0.0441,17.1132,21.907
0.19,-45.06,45.88,0.285,2.99,0.0015,-0.0919,0.01,-4.3565,0.0446,17.3409,21.9
0.2,-45.068,45.88,0.282,3.02,0.0015,-0.0849,0.0106,-4.5061,0.0401,17.4513,18.055
0.21,-45.076,45.88,0.279,3.08,0.0016,-0.077,0.011,-4.6143,-0.0068,17.4541,18.045
0.22,-45.085,45.88,0.278,3.17,0.0016,-0.0684,0.0117,-4.6857,0.0333,17.3544,18.042
0.23,-45.094,45.88,0.276,3.28,0.0016,-0.0591,0.0124,-4.7292,0.0424,17.1564,18.043
0.24,-45.103,45.88,0.276,3.41,0.0015,-0.0492,0.0134,-4.7534,0.0862,16.8659,18.05
0.25,-45.113,45.88,0.276,3.56,0.0014,-0.039,0.0141,-4.7651,0.0494,16.4907,21.853
0.26,-45.123,45.88,0.277,3.72,0.0013,-0.0286,0.0148,-4.7676,0.0309,16.0409,21.843
0.27,-45.134,45.879,0.278,3.88,0.0012,-0.0182,0.0155,-4.7631,0.039,15.528,21.834
0.28,-45.145,45.879,0.279,4.05,0.0011,-0.008,0.0161,-4.7522,0.0232,14.9644,21.824
0.29,-45.157,45.879,0.281,4.22,0.0009,0.0019,0.0169,-4.7347,0.0431,14.3625,21.813
0.3,-45.169,45.879,0.283,4.39,0.0007,0.0113,0.0176,-4.7108,0.0388,13.7347,21.803
0.31,-45.181,45.879,0.286,4.56,0.0006,0.0201,0.0181,-4.6798,-0.0019,13.093,21.792
0.32,-45.194,45.879,0.288,4.72,0.0005,0.0282,0.0187,-4.6414,0.0074,12.4489,21.78
0.33,-45.207,45.879,0.291,4.88,0.0003,0.0354,0.0193,-4.5961,0.019,11.8124,21.769
0.34,-45.221,45.879,0.294,5.03,0.0002,0.0418,0.0199,-4.5446,0.0124,11.1928,16.225
0.35,-45.235,45.879,0.297,5.18,0.0001,0.0473,0.0205,-4.4876,0.0098,10.5983,16.209
0.36,-45.25,45.879,0.299,5.33,-0.0001,0.0517,0.0211,-4.4259,0.0088,10.0363,16.197
0.37,-45.265,45.879,0.302,5.47,-0.0002,0.0552,0.0217,-4.3606,0.0083,9.5127,16.186
0.38,-45.28,45.879,0.305,5.61,-0.0002,0.0577,0.0223,-4.2929,0.0077,9.0326,16.179
0.39,-45.296,45.879,0.307,5.74,-0.0003,0.0591,0.0229,-4.2239,0.0071,8.5999,16.178
0.4,-45.312,45.878,0.31,5.88,-0.0004,0.0596,0.0235,-4.1549,0.0064,8.2176,21.686
0.41,-45.328,45.878,0.312,6.01,-0.0004,0.0592,0.0241,-4.087,0.0056,7.8875,21.676
0.42,-45.345,45.878,0.314,6.15,-0.0004,0.058,0.0247,-4.0215,0.0047,7.6107,20.63
0.43,-45.363,45.878,0.316,6.28,-0.0005,0.0559,0.0253,-3.9593,0.0095,7.3872,20.628
0.44,-45.38,45.878,0.317,6.41,-0.0004,0.0531,0.0258,-3.9017,0.0011,7.2163,22.952
0.45,-45.399,45.878,0.319,6.54,-0.0005,0.0496,0.0265,-3.8493,0.0133,7.0965,22.946
0.46,-45.417,45.878,0.32,6.68,-0.0004,0.0456,0.027,-3.8033,-0.0082,7.0256,22.94
0.47,-45.436,45.877,0.321,6.81,-0.0004,0.0411,0.0274,-3.7635,-0.0144,7.0013,22.935
0.48,-45.455,45.877,0.321,6.94,-0.0003,0.0363,0.0279,-3.7306,-0.0144,7.0204,22.929
0.49,-45.475,45.877,0.322,7.08,-0.0003,0.0311,0.0284,-3.7047,-0.006,7.0793,12.199
0.5,-45.495,45.877,0.322,7.22,-0.0002,0.0258,0.0289,-3.6863,-0.0239,7.174,12.169
0.51,-45.515,45.877,0.322,7.35,-0.0001,0.0204,0.0294,-3.6747,-0.0086,7.3008,12.155
0.52,-45.536,45.877,0.322,7.49,0.0,0.015,0.0299,-3.6703,-0.0116,7.455,12.148
0.53,-45.557,45.876,0.321,7.62,0.0001,0.0097,0.0306,-3.6726,0.0078,7.6324,12.152
0.54,-45.579,45.876,0.321,7.76,0.0001,0.0045,0.0311,-3.6819,-0.0147,7.8283,22.891
0.55,-45.601,45.876,0.32,7.9,0.0002,-0.0004,0.0314,-3.6969,-0.0311,8.0388,22.885
0.56,-45.623,45.876,0.32,8.04,0.0003,-0.005,0.0317,-3.7169,-0.0505,8.2597,22.878
0.57,-45.646,45.875,0.319,8.18,0.0004,-0.0093,0.0321,-3.7407,-0.0422,8.4872,22.871
0.58,-45.669,45.875,0.318,8.31,0.0005,-0.0132,0.0323,-3.7682,-0.0546,8.7173,22.864
0.59,-45.692,45.875,0.317,8.45,0.0007,-0.0166,0.0326,-3.7981,-0.0655,8.9464,22.857
0.6,-45.716,45.875,0.316,8.59,0.0009,-0.0196,0.0331,-3.8293,-0.0433,9.1715,22.85
0.61,-45.74,45.874,0.315,8.73,0.001,-0.0221,0.0337,-3.862,-0.0061,9.3891,8.247
0.62,-45.765,45.874,0.314,8.87,0.0011,-0.0241,0.0345,-3.8965,0.01,9.5959,8.214
0.63,-45.79,45.874,0.313,9.01,0.0012,-0.0256,0.035,-3.9322,-0.049,9.7894,8.205
0.64,-45.815,45.873,0.312,9.15,0.0013,-0.0266,0.0356,-3.967,-0.0253,9.9688,8.213
0.65,-45.841,45.873,0.311,9.29,0.0013,-0.0271,0.0361,-4.0015,-0.0528,10.1316,22.81
0.66,-45.867,45.872,0.311,9.43,0.0014,-0.0272,0.0365,-4.0342,-0.0596,10.2771,22.776
0.67,-45.894,45.872,0.31,9.58,0.0014,-0.0269,0.0371,-4.0649,-0.034,10.4044,22.743
0.68,-45.921,45.872,0.309,9.72,0.0014,-0.0261,0.0376,-4.0942,-0.0698,10.5122,22.707
0.69,-45.948,45.871,0.308,9.86,0.0015,-0.025,0.0379,-4.1204,-0.0875,10.6012,22.673
0.7,-45.976,45.871,0.308,10.01,0.0015,-0.0236,0.0384,-4.1433,-0.0606,10.6715,22.637
0.71,-46.004,45.87,0.307,10.15,0.0013,-0.0219,0.0392,-4.1639,-0.0031,10.7226,22.601
0.72,-46.033,45.87,0.307,10.29,0.0012,-0.0199,0.0394,-4.184,-0.1129,10.7541,22.562
0.73,-46.062,45.869,0.307,10.44,0.0012,-0.0178,0.0392,-4.1994,-0.1812,10.7694,22.526
0.74,-46.091,45.869,0.307,10.58,0.0012,-0.0156,0.0397,-4.2091,-0.068,10.7699,22.487
0.75,-46.121,45.868,0.306,10.73,0.0011,-0.0132,0.0401,-4.2173,-0.0818,10.7543,22.474
0.76,-46.151,45.868,0.306,10.87,0.001,-0.0108,0.0405,-4.2227,-0.0923,10.725,22.466
0.77,-46.182,45.867,0.306,11.02,0.001,-0.0084,0.0406,-4.2252,-0.1386,10.6834,22.458
0.78,-46.213,45.867,0.306,11.17,0.0011,-0.006,0.041,-4.2236,-0.1066,10.632,22.449
0.79,-46.244,45.866,0.306,11.31,0.0011,-0.0037,0.0416,-4.2193,-0.0648,10.5713,22.441
0.8,-46.276,45.865,0.307,11.46,0.001,-0.0015,0.0422,-4.2139,-0.0782,10.5025,19.318
0.81,-46.308,45.865,0.307,11.6,0.001,0.0006,0.0426,-4.2068,-0.0994,10.4277,19.283
0.82,-46.341,45.864,0.307,11.75,0.0011,0.0026,0.0431,-4.1976,-0.1056,10.3486,19.263
0.83,-46.374,45.863,0.307,11.89,0.001,0.0044,0.0435,-4.1868,-0.1047,10.2668,22.405
0.84,-46.407,45.863,0.307,12.04,0.001,0.006,0.044,-4.1749,-0.0992,10.1835,22.396
0.85,-46.441,45.862,0.308,12.18,0.0009,0.0074,0.0444,-4.1625,-0.1224,10.1,22.387
0.86,-46.476,45.861,0.308,12.33,0.0009,0.0085,0.0446,-4.149,-0.1492,10.0179,22.375
0.87,-46.51,45.86,0.308,12.47,0.0009,0.0095,0.045,-4.1342,-0.132,9.9388,22.31
0.88,-46.545,45.86,0.309,12.61,0.0009,0.0103,0.0454,-4.1191,-0.1245,9.8631,15.867
0.89,-46.581,45.859,0.309,12.76,0.0007,0.0108,0.046,-4.1045,-0.0718,9.7915,15.848
0.9,-46.616,45.858,0.309,12.9,0.0007,0.0111,0.0458,-4.0926,-0.2241,9.7236,22.112
0.91,-46.653,45.857,0.31,13.04,0.0007,0.0113,0.046,-4.0777,-0.1604,9.6635,22.09
0.92,-46.689,45.856,0.31,13.19,0.0007,0.0112,0.0463,-4.0637,-0.1497,9.6094,22.081
0.93,-46.726,45.855,0.31,13.33,0.0007,0.011,0.0466,-4.0507,-0.1428,9.5617,21.237
0.94,-46.764,45.854,0.311,13.47,0.0007,0.0106,0.0469,-4.0388,-0.1563,9.5208,12.539
0.95,-46.801,45.853,0.311,13.61,0.0008,0.0101,0.0473,-4.0276,-0.1384,9.4869,12.501
0.96,-46.84,45.852,0.311,13.76,0.0008,0.0095,0.0477,-4.0182,-0.1464,9.4596,12.504
0.97,-46.878,45.851,0.311,13.9,0.0009,0.0087,0.0481,-4.0101,-0.1515,9.439,22.033
0.98,-46.917,45.85,0.311,14.04,0.0009,0.0079,0.0484,-4.0034,-0.1583,9.425,22.023
0.99,-46.957,45.849,0.311,14.18,0.0009,0.007,0.0488,-3.998,-0.1526,9.4173,22.013
1.0,-46.996,45.848,0.311,14.32,0.0008,0.0061,0.0494,-3.9946,-0.12,9.4153,21.2
1.01,-47.037,45.847,0.312,14.47,0.0009,0.0051,0.049,-3.9946,-0.2794,9.4176,9.194
1.02,-47.077,45.845,0.312,14.61,0.001,0.0041,0.0492,-3.9913,-0.1958,9.4277,9.197
1.03,-47.118,45.844,0.312,14.75,0.001,0.0032,0.0497,-3.9893,-0.1481,9.4421,21.972
1.04,-47.159,45.843,0.312,14.89,0.0011,0.0022,0.0502,-3.9895,-0.1615,9.4598,21.962
1.05,-47.201,45.842,0.312,15.03,0.0011,0.0013,0.0507,-3.9909,-0.1434,9.4808,21.952
1.06,-47.243,45.84,0.312,15.17,0.0009,0.0004,0.0513,-3.9948,-0.1224,9.5039,21.941
1.07,-47.286,45.839,0.311,15.32,0.0009,-0.0004,0.0508,-4.0025,-0.3161,9.5277,5.907
1.08,-47.329,45.837,0.311,15.46,0.001,-0.0012,0.0507,-4.0059,-0.2563,9.5562,5.948
1.09,-47.372,45.836,0.311,15.6,0.0009,-0.0019,0.0512,-4.0091,-0.1509,9.5862,21.909
1.1,-47.416,45.835,0.311,15.74,0.0009,-0.0025,0.051,-4.0157,-0.2642,9.6151,21.873
1.11,-47.46,45.833,0.311,15.88,0.001,-0.003,0.0512,-4.0197,-0.2142,9.646,21.817
1.12,-47.504,45.832,0.311,16.03,0.001,-0.0034,0.0518,-4.0243,-0.1573,9.6762,19.663
1.13,-47.549,45.83,0.311,16.17,0.0009,-0.0038,0.052,-4.0314,-0.2171,9.7043,19.616
1.14,-47.595,45.828,0.311,16.31,0.001,-0.0041,0.0519,-4.0379,-0.2605,9.7317,19.575
1.15,-47.64,45.827,0.311,16.45,0.001,-0.0042,0.0522,-4.0427,-0.2086,9.7586,19.539
1.16,-47.686,45.825,0.311,16.6,0.0011,-0.0043,0.0525,-4.0483,-0.2195,9.7831,19.512
1.17,-47.733,45.823,0.31,16.74,0.001,-0.0044,0.0531,-4.0537,-0.1483,9.8057,21.603
1.18,-47.78,45.821,0.31,16.88,0.0009,-0.0043,0.0527,-4.0625,-0.3203,9.824,21.593
1.19,-47.827,45.82,0.31,17.03,0.0009,-0.0042,0.0524,-4.0671,-0.2966,9.8423,21.582
1.2,-47.874,45.818,0.31,17.17,0.001,-0.0041,0.0526,-4.0701,-0.2415,9.8588,21.571
1.21,-47.923,45.816,0.31,17.31,0.001,-0.0039,0.0529,-4.0731,-0.2198,9.8725,21.56
1.22,-47.971,45.814,0.31,17.45,0.0009,-0.0036,0.0532,-4.0766,-0.2153,9.8831,19.692
1.23,-48.02,45.812,0.31,17.6,0.0007,-0.0033,0.0533,-4.081,-0.2293,9.8906,19.639
1.24,-48.069,45.81,0.31,17.74,0.0007,-0.003,0.0525,-4.0862,-0.388,9.8949,21.322
1.25,-48.119,45.808,0.31,17.88,0.0006,-0.0026,0.0527,-4.0861,-0.222,9.8999,19.962
1.26,-48.169,45.806,0.31,18.03,0.0006,-0.0023,0.0523,-4.0889,-0.3206,9.9005,19.814
1.27,-48.219,45.804,0.31,18.17,0.0006,-0.0019,0.0523,-4.0888,-0.2753,9.9005,17.278
1.28,-48.27,45.802,0.31,18.31,0.0005,-0.0015,0.0525,-4.0887,-0.221,9.8983,19.649
1.29,-48.321,45.799,0.31,18.46,0.0004,-0.0011,0.0519,-4.0908,-0.3555,9.893,19.019
1.3,-48.373,45.797,0.31,18.6,0.0004,-0.0008,0.0518,-4.089,-0.2763,9.8882,18.969
1.31,-48.425,45.795,0.31,18.75,0.0004,-0.0004,0.0517,-4.088,-0.2777,9.8813,14.952
1.32,-48.477,45.792,0.31,18.89,0.0004,-0.0001,0.0516,-4.0867,-0.2708,9.8733,14.904
1.33,-48.53,45.79,0.31,19.03,0.0002,0.0002,0.0517,-4.0859,-0.2414,9.864,19.667
1.34,-48.583,45.788,0.31,19.18,0.0001,0.0005,0.0508,-4.0871,-0.3805,9.8527,20.409
1.35,-48.637,45.785,0.31,19.32,-0.0,0.0007,0.0504,-4.0853,-0.3013,9.8428,20.166
1.36,-48.691,45.783,0.31,19.46,-0.0001,0.001,0.0494,-4.0848,-0.3966,9.8316,12.565
1.37,-48.745,45.78,0.31,19.61,-0.0001,0.0012,0.0488,-4.0811,-0.3324,9.822,19.77
1.38,-48.8,45.777,0.31,19.75,-0.0002,0.0013,0.0489,-4.0774,-0.2304,9.8125,19.708
1.39,-48.855,45.775,0.31,19.89,-0.0003,0.0014,0.0481,-4.0767,-0.3577,9.8013,20.512
1.4,-48.911,45.772,0.31,20.04,-0.0003,0.0015,0.0475,-4.0737,-0.3219,9.7919,10.209
1.41,-48.967,45.769,0.31,20.18,-0.0002,0.0016,0.0471,-4.0709,-0.2973,9.7828,19.973
1.42,-49.023,45.766,0.31,20.32,-0.0003,0.0016,0.0469,-4.0686,-0.2544,9.774,19.801
1.43,-49.08,45.764,0.31,20.46,-0.0005,0.0016,0.0461,-4.0686,-0.3351,9.7646,19.717
1.44,-49.137,45.761,0.31,20.61,-0.0007,0.0016,0.0449,-4.0683,-0.3771,9.7564,7.806
1.45,-49.195,45.758,0.31,20.75,-0.0006,0.0016,0.0434,-4.067,-0.4601,9.7496,20.298
1.46,-49.253,45.755,0.31,20.89,-0.0005,0.0015,0.0431,-4.0616,-0.2705,9.746,20.011
1.47,-49.311,45.752,0.31,21.04,-0.0004,0.0014,0.0433,-4.0582,-0.1762,9.742,5.326
1.48,-49.37,45.749,0.31,21.08,-0.0006,0.0073,0.0424,-1.4013,-0.3268,11.1178,5.335
1.49,-49.428,45.746,0.311,21.03,-0.0009,0.0172,0.041,0.8849,-0.3807,12.0762,20.656
1.5,-49.486,45.743,0.311,21.03,-0.0009,0.0232,0.0397,-0.1843,-0.3893,11.1985,17.953
1.51,-49.545,45.74,0.311,21.08,-0.001,0.0254,0.0394,-1.549,-0.2126,10.3281,2.669
1.52,-49.603,45.736,0.312,21.07,-0.0012,0.0305,0.0377,-0.059,-0.4345,10.9955,17.878
1.53,-49.662,45.733,0.312,21.11,-0.0012,0.0316,0.0371,-1.2274,-0.2526,10.1057,19.726
1.54,-49.72,45.73,0.312,21.2,-0.0011,0.0297,0.0359,-2.3691,-0.3558,9.3994,20.484
1.55,-49.78,45.727,0.313,21.31,-0.0009,0.0256,0.0356,-3.2105,-0.23,8.9046,20.386
1.56,-49.839,45.724,0.313,21.45,-0.0009,0.0204,0.036,-3.7198,-0.0948,8.6272,20.039
1.57,-49.899,45.72,0.313,21.6,-0.0009,0.0147,0.0345,-3.9624,-0.3861,8.5225,19.868
1.58,-49.959,45.717,0.314,21.75,-0.0007,0.0092,0.0338,-4.0235,-0.2788,8.5374,17.627
1.59,-50.02,45.714,0.314,21.89,-0.0007,0.0041,0.0338,-3.9929,-0.1369,8.6174,17.575
1.6,-50.081,45.71,0.314,22.04,-0.0007,-0.0004,0.0323,-3.9353,-0.3844,8.7239,20.277
1.61,-50.143,45.707,0.314,22.18,-0.0006,-0.0044,0.0318,-3.8801,-0.2238,8.8392,20.269
1.62,-50.205,45.703,0.314,22.32,-0.0005,-0.0079,0.0312,-3.8481,-0.2465,8.9496,19.905
1.63,-50.267,45.7,0.313,22.46,-0.0005,-0.0109,0.0308,-3.8402,-0.203,9.0532,19.743
1.64,-50.33,45.696,0.313,22.6,-0.0007,-0.0134,0.0299,-3.8532,-0.2487,9.1501,20.246
1.65,-50.393,45.692,0.313,22.74,-0.0008,-0.0155,0.0284,-3.8797,-0.3565,9.2427,20.238
1.66,-50.456,45.689,0.313,22.88,-0.0007,-0.0172,0.0271,-3.9112,-0.3254,9.334,20.231
1.67,-50.52,45.685,0.313,23.02,-0.0005,-0.0184,0.0267,-3.9438,-0.1891,9.4244,19.944
1.68,-50.584,45.681,0.312,23.16,-0.0005,-0.0193,0.0266,-3.9767,-0.1429,9.5125,11.282
1.69,-50.649,45.677,0.312,23.3,-0.0006,-0.0198,0.0257,-4.0085,-0.2444,9.5977,20.208
1.7,-50.714,45.674,0.312,23.44,-0.0005,-0.0199,0.0247,-4.0368,-0.2762,9.6802,20.136
1.71,-50.779,45.67,0.312,23.59,-0.0004,-0.0197,0.0242,-4.0612,-0.1975,9.7588,11.261
1.72,-50.845,45.666,0.311,23.73,-0.0004,-0.0192,0.0236,-4.0832,-0.2001,9.8317,20.008
1.73,-50.911,45.662,0.311,23.87,-0.0003,-0.0184,0.0233,-4.1025,-0.1592,9.8984,19.747
1.74,-50.978,45.658,0.311,24.02,-0.0004,-0.0174,0.0226,-4.12,-0.2105,9.9578,11.244
1.75,-51.045,45.654,0.31,24.16,-0.0006,-0.0162,0.0217,-4.1351,-0.2117,10.0099,20.019
1.76,-51.112,45.65,0.31,24.31,-0.0009,-0.0149,0.0204,-4.1481,-0.2659,10.0542,15.352
1.77,-51.18,45.646,0.31,24.45,-0.0012,-0.0134,0.019,-4.1584,-0.2719,10.091,11.222
1.78,-51.248,45.642,0.31,24.6,-0.0013,-0.0118,0.0168,-4.1662,-0.4016,10.1202,19.861
1.79,-51.317,45.638,0.31,24.74,-0.0015,-0.0102,0.0167,-4.1698,-0.0561,10.143,19.855
1.8,-51.386,45.633,0.309,24.89,-0.0017,-0.0085,0.015,-4.1736,-0.3057,10.1571,11.197
1.81,-51.455,45.629,0.309,25.03,-0.0017,-0.0069,0.0139,-4.1739,-0.1956,10.1651,19.713
1.82,-51.525,45.625,0.309,25.18,-0.0015,-0.0053,0.0129,-4.1724,-0.2071,10.1665,19.707
1.83,-51.595,45.621,0.309,25.32,-0.0012,-0.0037,0.0129,-4.1688,-0.0579,10.1621,11.178
1.84,-51.666,45.616,0.309,25.47,-0.001,-0.0022,0.013,-4.1643,-0.0517,10.1517,19.695
1.85,-51.737,45.612,0.309,25.61,-0.0008,-0.0008,0.0125,-4.1589,-0.1223,10.1362,18.987
1.86,-51.808,45.608,0.309,25.75,-0.0007,0.0005,0.0125,-4.1522,-0.0441,10.1165,19.562
1.87,-51.88,45.603,0.309,25.9,-0.001,0.0017,0.012,-4.1453,-0.0643,10.0927,19.556
1.88,-51.952,45.599,0.309,26.04,-0.0013,0.0028,0.0091,-4.1381,-0.4306,10.0656,19.55
1.89,-52.025,45.594,0.309,26.19,-0.0013,0.0037,0.0077,-4.1287,-0.2203,10.0371,11.715
1.9,-52.098,45.59,0.309,26.33,-0.0011,0.0045,0.0069,-4.1189,-0.156,10.0068,19.425
1.91,-52.171,45.585,0.309,26.48,-0.0013,0.0051,0.0079,-4.1088,0.1902,9.9754,19.42
1.92,-52.245,45.581,0.309,26.62,-0.0015,0.0056,0.005,-4.1001,-0.4223,9.9424,19.414
1.93,-52.319,45.576,0.309,26.76,-0.0012,0.006,0.0042,-4.0902,-0.1301,9.9102,19.409
1.94,-52.394,45.572,0.309,26.91,-0.001,0.0063,0.0046,-4.0808,0.062,9.8783,19.404
1.95,-52.469,45.567,0.309,27.05,-0.001,0.0064,0.0044,-4.0722,-0.0205,9.847,19.398
1.96,-52.544,45.562,0.31,27.19,-0.0012,0.0064,0.0041,-4.0641,-0.0018,9.817,14.419
1.97,-52.62,45.558,0.31,27.33,-0.002,0.0064,0.0027,-4.0567,-0.0919,9.7885,19.388
1.98,-52.696,45.553,0.31,27.48,-0.0025,0.0062,-0.0022,-4.0492,-0.6571,9.7623,19.337
1.99,-52.773,45.548,0.31,27.62,-0.0023,0.0059,-0.0034,-4.0432,-0.1051,9.7379,1.429
2.0,-52.849,45.543,0.31,27.66,-0.0021,0.0116,-0.0036,-1.38,0.0391,11.0971,1.76
2.01,-52.926,45.539,0.31,27.61,-0.002,0.0212,-0.0035,0.9112,0.0785,12.0401,19.263
2.02,-53.003,45.534,0.311,27.61,-0.0021,0.0269,-0.0033,-0.1549,0.1382,11.1482,16.518
2.03,-53.079,45.529,0.311,27.66,-0.0021,0.0288,-0.0058,-1.5181,-0.2781,10.2648,2.176
2.04,-53.156,45.525,0.312,27.65,-0.0019,0.0335,-0.0061,-0.0243,0.0656,10.9226,19.151
2.05,-53.233,45.52,0.312,27.69,-0.0019,0.0342,-0.0067,-1.1932,0.0151,10.0231,2.548
2.06,-53.309,45.515,0.313,27.67,-0.002,0.0379,-0.0077,0.3237,-0.0046,10.6905,14.644
2.07,-53.386,45.51,0.313,27.7,-0.0021,0.0375,-0.0095,-0.8906,-0.1269,9.7712,10.929
2.08,-53.463,45.506,0.314,27.78,-0.0022,0.0339,-0.0109,-2.0996,-0.0443,9.0333,5.954
2.09,-53.54,45.501,0.314,27.79,-0.0023,0.0341,-0.0118,-0.3504,0.0372,9.8961,19.038
2.1,-53.617,45.496,0.315,27.84,-0.0025,0.0313,-0.0136,-1.2811,-0.0949,9.1941,3.92
2.11,-53.695,45.492,0.315,27.82,-0.0021,0.0321,-0.0154,0.4043,-0.1168,10.0234,7.059
2.12,-53.771,45.487,0.316,27.75,-0.0015,0.0355,-0.0144,1.9375,0.2871,10.6055,17.102
2.13,-53.848,45.482,0.316,27.73,-0.0009,0.0342,-0.0142,0.3881,0.1405,9.5406,13.772
2.14,-53.925,45.478,0.317,27.78,-0.0003,0.029,-0.013,-1.2293,0.2986,8.6376,13.338
2.15,-54.003,45.473,0.317,27.88,0.0001,0.0212,-0.0126,-2.489,0.1906,8.0025,13.335
2.16,-54.08,45.468,0.317,28.0,0.0002,0.012,-0.0128,-3.2989,0.1277,7.6691,13.333
2.17,-54.158,45.464,0.317,28.15,-0.0003,0.0026,-0.0131,-3.7221,0.1438,7.588,13.329
2.18,-54.237,45.459,0.317,28.29,-0.0008,-0.0064,-0.0166,-3.8778,-0.3275,7.6819,13.33
2.19,-54.316,45.454,0.317,28.44,-0.0011,-0.0143,-0.0178,-3.8904,0.0395,7.8737,9.171
2.2,-54.394,45.449,0.317,28.09,-0.0715,-0.0559,-0.0427,10.8136,-9.3494,7.6177,13.624
2.21,-54.47,45.445,0.318,27.6,-0.0256,-0.1188,0.0073,15.5784,13.2402,6.0792,13.495
2.22,-54.547,45.441,0.318,27.84,0.0004,-0.1566,0.0044,-5.6829,0.6935,3.8489,18.752
2.23,-54.625,45.436,0.318,28.16,-0.0067,-0.1732,0.0011,-8.5206,-0.338,5.6263,18.68
2.24,-54.704,45.432,0.317,28.49,-0.0212,-0.1782,-0.0039,-9.0342,-1.3027,6.8836,9.612
2.25,-54.784,45.427,0.317,28.86,-0.0029,-0.1981,-0.0219,-9.8486,-2.6358,5.3518,18.673
2.26,-54.865,45.422,0.316,29.16,0.0025,-0.2049,-0.0287,-8.3579,-0.734,7.4047,18.634
2.27,-54.947,45.418,0.315,29.4,0.0048,-0.2037,-0.0294,-6.792,0.338,8.9108,18.607
2.28,-55.029,45.413,0.314,29.59,0.0054,-0.196,-0.0295,-5.6163,0.4965,10.0961,10.682
2.29,-55.111,45.408,0.313,29.74,0.0056,-0.1839,-0.0318,-4.9293,0.1436,10.9263,18.601
2.3,-55.194,45.403,0.312,29.88,0.0065,-0.1687,-0.0333,-4.6634,0.1497,11.4496,18.544
2.31,-55.277,45.399,0.311,30.02,0.0079,-0.1518,-0.0319,-4.6803,0.5144,11.7508,18.541
2.32,-55.361,45.394,0.311,30.17,0.009,-0.1339,-0.0295,-4.8389,0.6076,11.913,12.304
2.33,-55.445,45.389,0.31,30.31,0.009,-0.1152,-0.0267,-4.8788,0.7179,12.0754,18.536
2.34,-55.53,45.385,0.309,30.47,0.0079,-0.0969,-0.0316,-5.2175,-0.4234,12.0224,18.484
2.35,-55.615,45.38,0.309,30.63,0.0081,-0.0788,-0.0317,-5.3753,0.2178,12.0225,18.481
2.36,-55.7,45.375,0.308,30.8,0.0082,-0.0612,-0.0301,-5.4453,0.4214,12.017,14.423
2.37,-55.786,45.371,0.307,30.96,0.0069,-0.0439,-0.0266,-5.2978,0.8179,12.0753,18.431
2.38,-55.872,45.366,0.307,31.13,0.0035,-0.0277,-0.033,-5.4185,-0.5431,11.9471,18.428
2.39,-55.959,45.361,0.307,31.29,0.0012,-0.0126,-0.0384,-5.3685,-0.3886,11.8781,18.426
2.4,-56.046,45.357,0.306,31.45,0.0002,0.0014,-0.0429,-5.2857,-0.3806,11.7881,18.405
2.41,-56.134,45.352,0.306,31.62,0.0004,0.0141,-0.0409,-5.1959,0.5266,11.671,10.601
2.42,-56.222,45.347,0.306,31.78,-0.0003,0.0255,-0.0361,-5.0903,1.0287,11.5373,18.38
2.43,-56.311,45.342,0.306,31.93,-0.001,0.0354,-0.0383,-4.9694,-0.054,11.3919,18.378
2.44,-56.4,45.338,0.306,32.09,-0.0005,0.0439,-0.0373,-4.8624,0.3691,11.222,18.342
2.45,-56.489,45.333,0.306,32.24,0.0002,0.0508,-0.0346,-4.7556,0.6066,11.0418,13.993
2.46,-56.579,45.329,0.306,32.39,0.001,0.0562,-0.0313,-4.6487,0.6546,10.8555,18.336
2.47,-56.669,45.324,0.306,32.54,0.0017,0.0602,-0.0283,-4.5432,0.6069,10.6664,8.563
2.48,-56.76,45.319,0.307,32.59,0.0024,0.0687,-0.0258,-1.7832,0.5121,11.8578,18.302
2.49,-56.85,45.315,0.307,32.64,0.003,0.0741,-0.0235,-2.059,0.4734,11.2585,18.298
2.5,-56.941,45.31,0.307,32.73,0.0033,0.0762,-0.0219,-2.6675,0.3698,10.6258,18.272
2.51,-57.032,45.305,0.308,32.84,0.0035,0.0755,-0.0205,-3.2521,0.3209,10.0432,18.269
2.52,-57.124,45.301,0.308,32.96,0.0036,0.0724,-0.019,-3.6735,0.3188,9.5843,18.265
2.53,-57.215,45.296,0.309,33.1,0.0036,0.0678,-0.0178,-3.908,0.2694,9.2592,18.261
2.54,-57.308,45.292,0.309,33.24,0.0035,0.0621,-0.0168,-3.9913,0.2406,9.0455,18.24
2.55,-57.4,45.287,0.312,33.26,-0.1049,0.1096,-0.0188,-2.0636,-5.8683,31.1267,18.236
2.56,-57.492,45.282,0.316,33.4,-0.0168,0.1597,-0.0173,-5.478,2.4894,33.0948,12.802
2.57,-57.586,45.277,0.32,33.69,0.0222,0.1509,-0.022,-8.0932,0.7114,9.1208,18.216
2.58,-57.68,45.272,0.324,33.94,-0.0225,0.142,-0.0115,-6.7665,2.051,8.3534,8.902
2.59,-57.774,45.267,0.328,34.02,0.0106,0.1399,-0.0139,-2.47,1.0246,9.3567,18.207
2.6,-57.869,45.263,0.332,34.09,0.0009,0.1455,-0.0096,-1.9824,1.1483,12.4108,18.197
2.61,-57.963,45.258,0.336,34.16,0.0039,0.1446,-0.0081,-2.1252,0.5266,9.8626,18.192
2.62,-58.058,45.253,0.34,34.25,0.0073,0.1404,-0.0073,-2.5712,0.3088,8.7105,18.188
2.63,-58.154,45.249,0.344,34.36,0.0101,0.1334,-0.0067,-2.9909,0.2237,7.7017,18.183
2.64,-58.249,45.244,0.348,34.48,0.0121,0.1242,-0.0061,-3.2839,0.1986,6.8696,18.178
2.65,-58.345,45.24,0.351,34.61,0.0134,0.1135,-0.0056,-3.4346,0.1667,6.2216,7.811
2.66,-58.441,45.235,0.355,34.64,0.0141,0.1077,-0.0049,-0.8159,0.1717,7.1174,18.169
2.67,-58.537,45.23,0.358,34.69,0.0143,0.0995,-0.0041,-1.1567,0.1435,6.3557,18.165
2.68,-58.634,45.226,0.36,34.76,0.0141,0.0889,-0.0033,-1.7936,0.1148,5.6698,18.16
2.69,-58.73,45.221,0.363,34.85,0.0135,0.0766,-0.0027,-2.3977,0.0592,5.1219,13.523
2.7,-58.827,45.216,0.365,34.97,0.0127,0.063,-0.0019,-2.8457,0.0701,4.7699,18.151
2.71,-58.925,45.211,0.367,35.09,0.0116,0.0491,-0.0015,-3.1202,-0.0133,4.6126,10.984
2.72,-59.023,45.207,0.368,35.22,0.0104,0.0352,-0.0013,-3.2568,-0.0626,4.6198,18.142
2.73,-59.121,45.202,0.369,35.35,0.0092,0.0218,-0.0008,-3.3071,-0.0236,4.7528,18.137
2.74,-59.219,45.197,0.369,35.48,0.008,0.0092,-0.0002,-3.3172,-0.0396,4.9769,18.133
2.75,-59.318,45.192,0.37,35.62,0.0069,-0.0025,0.0007,-3.3201,0.0172,5.2646,18.128
2.76,-59.417,45.188,0.37,35.75,0.0057,-0.0132,0.0015,-3.3344,-0.0265,5.5971,14.891
2.77,-59.517,45.183,0.369,35.88,0.0046,-0.0228,0.0021,-3.3672,-0.0481,5.9616,18.118
2.78,-59.616,45.178,0.369,36.01,0.0036,-0.0313,0.003,-3.4183,-0.0265,6.3495,12.94
2.79,-59.717,45.173,0.368,36.14,0.0027,-0.0387,0.004,-3.4842,0.0003,6.7544,18.108
2.8,-59.817,45.168,0.367,36.28,0.0019,-0.045,0.0045,-3.5598,-0.0696,7.1707,11.185
2.81,-59.918,45.163,0.365,36.41,0.0012,-0.0501,0.0055,-3.6405,-0.0146,7.5929,18.098
2.82,-60.02,45.158,0.364,36.55,0.0007,-0.0542,0.0062,-3.7226,-0.0524,8.0154,18.093
2.83,-60.122,45.153,0.363,36.69,0.0005,-0.0571,0.0075,-3.8034,0.0231,8.4327,18.087
2.84,-60.224,45.148,0.361,36.83,0.0003,-0.0591,0.0088,-3.8814,0.005,8.839,18.082
2.85,-60.326,45.143,0.359,36.97,0.0001,-0.06,0.0101,-3.9553,0.0121,9.2294,18.076
2.86,-60.429,45.138,0.358,37.12,0.0002,-0.06,0.0108,-4.0245,-0.0765,9.5989,18.071
2.87,-60.533,45.133,0.356,37.26,0.0005,-0.0591,0.0125,-4.0879,0.0399,9.9439,14.928
2.88,-60.636,45.127,0.355,37.4,0.0009,-0.0575,0.0142,-4.146,0.0089,10.2604,18.06
2.89,-60.741,45.122,0.353,37.55,0.0015,-0.0551,0.0163,-4.1978,0.0483,10.5462,18.054
2.9,-60.845,45.117,0.352,37.69,0.0022,-0.0521,0.0185,-4.2434,0.0491,10.7989,18.048
2.91,-60.95,45.112,0.35,37.84,0.003,-0.0486,0.0211,-4.2827,0.058,11.0173,18.042
2.92,-61.055,45.106,0.349,37.99,0.0038,-0.0446,0.0238,-4.3157,0.0599,11.2005,11.759
2.93,-61.161,45.101,0.348,38.13,0.0044,-0.0403,0.0264,-4.343,0.0149,11.3482,18.029
2.94,-61.267,45.095,0.347,38.28,0.0048,-0.0357,0.028,-4.3648,-0.139,11.4606,10.921
2.95,-61.374,45.09,0.346,38.33,0.0054,-0.025,0.0297,-1.7213,-0.1665,12.9219,18.016
2.96,-61.48,45.084,0.345,38.39,0.0059,-0.016,0.0322,-2.1,-0.0747,12.5507,18.009
2.97,-61.587,45.079,0.345,38.48,0.0062,-0.0091,0.0345,-2.8024,-0.1276,12.1094,18.003
2.98,-61.694,45.073,0.345,38.59,0.0064,-0.004,0.0363,-3.4702,-0.2247,11.6828,17.996
2.99,-61.801,45.068,0.344,38.72,0.0067,-0.0003,0.038,-3.962,-0.2776,11.3453,8.993
3.0,-61.909,45.062,0.344,38.77,0.0069,0.0084,0.0404,-1.595,-0.2043,12.4892,17.981
3.01,-62.017,45.056,0.344,38.83,0.0071,0.0147,0.0425,-2.0935,-0.2712,11.9115,8.509
3.02,-62.124,45.05,0.345,38.82,0.0073,0.0246,0.045,-0.1511,-0.2477,12.7245,17.966
3.03,-62.232,45.044,0.345,38.85,0.0073,0.0307,0.0472,-1.1493,-0.3186,11.803,17.958
3.04,-62.34,45.038,0.346,38.93,0.0075,0.0333,0.0494,-2.2818,-0.3538,10.9611,7.767
3.05,-62.448,45.032,0.346,38.94,0.0076,0.0392,0.0519,-0.5305,-0.3376,11.6594,11.879
3.06,-62.556,45.026,0.347,38.98,0.019,0.0475,0.0551,-1.6535,0.1656,11.3403,7.437
3.07,-62.664,45.02,0.348,38.97,0.0119,0.0747,0.0589,-0.5327,1.2537,13.4718,11.877
3.08,-62.772,45.014,0.349,38.95,0.0113,0.1079,0.0577,-0.5898,-0.3544,13.8324,7.202
3.09,-62.88,45.008,0.35,38.94,0.013,0.1433,0.0544,-0.6518,-1.1053,13.8706,11.869
3.1,-62.988,45.002,0.351,38.92,0.0145,0.1788,0.0508,-0.67,-1.2452,13.6512,11.862
3.11,-63.096,44.996,0.352,38.9,0.0148,0.2137,0.0476,-0.6778,-1.1358,13.4154,6.832
3.12,-63.204,44.989,0.353,39.03,0.0224,0.1954,0.0574,-3.0605,-0.2503,7.0986,11.849
3.13,-63.313,44.983,0.354,39.07,0.0035,0.1984,0.0714,-1.163,1.0011,9.7468,6.685
3.14,-63.421,44.976,0.355,39.15,0.0138,0.1853,0.0723,-1.8245,-1.4647,7.7838,11.664
3.15,-63.53,44.97,0.355,39.2,0.0105,0.1746,0.0773,-1.0371,-0.406,8.1547,11.652
3.16,-63.639,44.963,0.356,39.2,0.0059,0.1643,0.0829,0.3419,-0.1589,8.5082,11.636
3.17,-63.747,44.956,0.357,39.14,0.0022,0.1551,0.0873,1.9141,-0.343,8.9457,11.625
3.18,-63.855,44.949,0.358,39.05,-0.0009,0.1458,0.091,2.9043,-0.4695,9.0651,9.463
3.19,-63.963,44.942,0.358,38.92,-0.0024,0.1369,0.0927,3.9828,-0.847,9.2603,11.601
3.2,-64.071,44.935,0.359,38.84,-0.0031,0.1233,0.0941,2.7649,-0.9594,8.2581,9.433
3.21,-64.178,44.928,0.36,38.73,-0.0035,0.1103,0.095,3.4042,-1.034,8.4122,11.609
3.22,-64.285,44.921,0.361,38.71,-0.0037,0.0918,0.0959,1.3977,-1.0489,7.137,9.43
3.23,-64.393,44.914,0.361,38.65,-0.0038,0.0756,0.097,2.2628,-1.0105,7.6067,11.609
3.24,-64.5,44.906,0.362,38.65,-0.0037,0.0557,0.0983,0.6145,-0.9864,6.6686,11.61
3.25,-64.607,44.899,0.362,38.67,-0.004,0.0359,0.1004,0.2026,-0.8132,6.608,11.611
3.26,-64.714,44.891,0.362,38.68,-0.0041,0.0177,0.1029,0.283,-0.7528,6.8185,11.614
3.27,-64.821,44.884,0.363,38.69,-0.0035,0.0013,0.1055,0.4397,-0.7936,7.0936,11.617
3.28,-64.928,44.876,0.363,38.69,-0.0026,-0.0133,0.1079,0.5374,-0.8701,7.3655,11.62
3.29,-65.036,44.868,0.363,38.69,-0.0017,-0.0261,0.1102,0.6037,-0.8968,7.6453,11.624
3.3,-65.143,44.86,0.363,38.68,-0.001,-0.0371,0.113,0.5544,-0.8071,7.8803,11.627
3.31,-65.25,44.852,0.362,38.68,0.0002,-0.0463,0.1161,0.4888,-0.8232,8.1233,11.632
3.32,-65.357,44.843,0.362,38.68,0.0016,-0.054,0.1191,0.3613,-0.9141,8.3411,11.636
3.33,-65.464,44.835,0.362,38.67,-0.0393,-0.0448,0.1243,0.0723,-2.3476,14.8641,11.634
3.34,-65.571,44.826,0.362,38.69,-0.0271,-0.0528,0.1279,-0.0437,-0.3984,7.4275,11.634
3.35,-65.678,44.818,0.362,38.69,-0.03,-0.076,0.1398,0.7024,2.2669,0.71,11.634
3.36,-65.785,44.81,0.36,38.67,-0.0314,-0.1046,0.1509,1.3773,2.0561,-1.9705,11.633
3.37,-65.892,44.801,0.358,38.65,-0.0297,-0.1343,0.1605,1.8244,1.5572,-2.8802,11.632
3.38,-65.999,44.793,0.354,38.61,-0.0247,-0.1638,0.1681,2.0269,0.9156,-3.0816,11.632
3.39,-66.106,44.785,0.35,38.58,-0.0192,-0.1927,0.1753,2.0287,0.7663,-3.0403,11.632
3.4,-66.213,44.776,0.345,38.53,0.0252,-0.1848,0.1566,1.1188,-7.7041,11.9091,11.639
3.41,-66.319,44.766,0.341,38.53,0.0475,-0.1849,0.1481,-0.0591,-4.8281,8.7889,11.65
3.42,-66.426,44.757,0.336,38.56,0.0538,-0.1835,0.1468,-0.7603,-2.6217,9.5122,11.66
3.43,-66.532,44.747,0.332,38.59,0.0525,-0.1801,0.149,-1.2295,-1.61,10.3434,11.671
3.44,-66.639,44.737,0.327,38.64,0.0486,-0.1746,0.1517,-1.5545,-1.455,11.1665,11.834
3.45,-66.746,44.727,0.323,38.73,0.0441,-0.1693,0.1539,-2.7485,-1.6033,11.4433,11.835
3.46,-66.853,44.716,0.319,38.85,0.04,-0.1635,0.1565,-3.7219,-1.6708,11.8172,11.836
3.47,-66.961,44.705,0.315,38.99,0.0362,-0.1569,0.1596,-4.3896,-1.708,12.2765,11.837
3.48,-67.069,44.695,0.311,39.13,0.0318,-0.1481,0.1641,-4.4321,-1.522,12.9744,11.838
3.49,-67.178,44.683,0.308,39.24,0.0271,-0.1356,0.1681,-3.5703,-1.5869,14.0145,11.84
3.5,-67.286,44.672,0.305,39.3,0.0232,-0.1199,0.1712,-2.6267,-1.7938,14.9144,11.842
3.51,-67.395,44.661,0.302,39.34,0.0197,-0.102,0.174,-1.9438,-1.8813,15.5219,11.845
3.52,-67.504,44.649,0.3,39.37,0.0165,-0.0832,0.1766,-1.5432,-1.9467,15.8475,11.848
3.53,-67.612,44.637,0.298,39.38,0.0137,-0.0642,0.1789,-1.3668,-2.021,15.9371,11.851
3.54,-67.721,44.625,0.297,39.4,0.0108,-0.0457,0.1811,-1.329,-2.0167,15.8511,11.854
3.55,-67.83,44.612,0.296,39.42,0.0082,-0.0281,0.1835,-1.3495,-1.964,15.6446,11.858
3.56,-67.939,44.6,0.295,39.44,0.0058,-0.0116,0.1863,-1.385,-1.9086,15.3518,11.862
3.57,-68.048,44.587,0.295,39.47,0.0045,0.0036,0.1885,-1.4065,-2.0601,14.9983,11.866
3.58,-68.156,44.574,0.295,39.5,0.0028,0.0173,0.1905,-1.4095,-2.0409,14.5978,11.871
3.59,-68.265,44.561,0.295,39.53,0.0016,0.0297,0.1926,-1.3835,-2.036,14.1662,11.876
3.6,-68.374,44.547,0.296,39.55,0.0004,0.0405,0.195,-1.3352,-1.9538,13.7099,11.877
3.61,-68.484,44.534,0.297,39.58,-0.0005,0.0501,0.1982,-1.151,-1.8366,13.2977,11.871
3.62,-68.593,44.52,0.298,39.59,-0.0002,0.059,0.2011,-0.7227,-1.9741,12.9842,11.866
3.63,-68.702,44.506,0.3,39.59,-0.0001,0.0668,0.2037,-0.3894,-2.0141,12.588,11.861
3.64,-68.811,44.491,0.301,39.58,0.0005,0.0733,0.2057,-0.1452,-2.1488,12.1366,11.857
3.65,-68.92,44.477,0.303,39.57,0.0008,0.0782,0.2072,0.0115,-2.1951,11.6415,11.853
3.66,-69.028,44.462,0.305,39.56,0.0009,0.0816,0.2089,0.1097,-2.1518,11.1292,11.849
3.67,-69.137,44.447,0.306,39.54,0.0012,0.0835,0.2105,0.182,-2.1935,10.625,11.845
3.68,-69.246,44.432,0.308,39.53,0.0016,0.0839,0.2117,0.2409,-2.2727,10.1422,11.841
3.69,-69.355,44.416,0.31,39.52,0.0018,0.0829,0.2126,0.2887,-2.3291,9.688,11.838
3.7,-69.463,44.4,0.312,39.5,0.0018,0.0807,0.2133,0.3307,-2.3487,9.2707,11.836
3.71,-69.572,44.385,0.314,39.49,0.0016,0.0774,0.2141,0.3696,-2.3053,8.8956,11.833
3.72,-69.68,44.368,0.316,39.47,0.0016,0.0732,0.2149,0.406,-2.3424,8.5652,11.831
3.73,-69.789,44.352,0.317,39.46,0.0017,0.0681,0.2153,0.434,-2.4138,8.2784,11.829
3.74,-69.897,44.335,0.319,39.45,0.0011,0.0623,0.2163,0.4507,-2.2775,8.0355,11.828
3.75,-70.005,44.319,0.32,39.43,0.0008,0.0561,0.2181,0.469,-2.1567,7.8436,11.827
3.76,-70.113,44.302,0.321,39.42,0.0014,0.0494,0.2197,0.471,-2.2942,7.6908,11.827
3.77,-70.221,44.284,0.322,39.41,0.0018,0.0424,0.2207,0.4239,-2.3805,7.5605,11.828
3.78,-70.329,44.267,0.323,39.4,0.0022,0.0353,0.2211,0.3808,-2.4791,7.4815,11.828
3.79,-70.437,44.249,0.324,39.39,0.0022,0.0281,0.2212,0.3519,-2.4957,7.4544,11.829
3.8,-70.545,44.231,0.325,39.39,0.0017,0.021,0.2218,0.3186,-2.3939,7.466,11.83
3.81,-70.653,44.213,0.325,39.38,0.0017,0.0142,0.2226,0.3027,-2.409,7.5244,11.832
3.82,-70.761,44.194,0.325,39.37,0.0016,0.0076,0.2235,0.2566,-2.3763,7.5994,11.832
3.83,-70.869,44.176,0.325,39.37,0.0016,0.0015,0.2245,0.2386,-2.3881,7.72,11.834
3.84,-70.976,44.157,0.325,39.37,0.0017,-0.0041,0.2255,0.2032,-2.3843,7.8548,11.835
3.85,-71.084,44.137,0.325,39.36,0.002,-0.0093,0.2264,0.1653,-2.4428,8.0095,11.836
3.86,-71.192,44.118,0.325,39.36,0.0023,-0.0138,0.227,0.1234,-2.4991,8.1787,11.838
3.87,-71.299,44.098,0.325,39.36,0.0021,-0.0179,0.2277,0.0571,-2.448,8.348,11.84
3.88,-71.407,44.078,0.324,39.36,0.0021,-0.0213,0.2287,0.0055,-2.399,8.5356,11.842
3.89,-71.514,44.058,0.324,39.36,0.0022,-0.0242,0.2302,-0.0465,-2.3523,8.7277,11.845
3.9,-71.621,44.038,0.323,39.37,0.0028,-0.0265,0.2314,-0.1068,-2.4617,8.9165,11.847
3.91,-71.729,44.017,0.322,39.37,0.0028,-0.0283,0.2329,-0.1691,-2.3846,9.1038,11.851
3.92,-71.836,43.996,0.322,39.38,0.0033,-0.0295,0.2345,-0.248,-2.4041,9.278,11.855
3.93,-71.944,43.975,0.321,39.39,0.0037,-0.0303,0.2362,-0.3251,-2.4147,9.4477,11.859
3.94,-72.051,43.954,0.32,39.4,0.0044,-0.0305,0.2376,-0.3893,-2.4952,9.6152,11.863
3.95,-72.158,43.932,0.32,39.41,0.0047,-0.0304,0.2389,-0.456,-2.5046,9.7701,11.867
3.96,-72.265,43.91,0.319,39.43,0.0051,-0.0298,0.2402,-0.5115,-2.5229,9.9185,11.865
3.97,-72.373,43.888,0.318,39.43,0.0055,-0.0283,0.2411,-0.3452,-2.6308,10.167,11.859
3.98,-72.48,43.865,0.317,39.43,0.0053,-0.026,0.2421,-0.1026,-2.578,10.4212,11.854
3.99,-72.587,43.842,0.317,39.42,0.0053,-0.023,0.2434,0.0772,-2.5682,10.6097,11.849
4.0,-72.694,43.819,0.316,39.41,0.0055,-0.0196,0.2446,0.1685,-2.6069,10.7254,11.845
4.01,-72.801,43.796,0.316,39.39,0.0054,-0.0162,0.2458,0.1928,-2.607,10.7837,11.84
4.02,-72.908,43.773,0.315,39.38,0.0055,-0.0128,0.2469,0.1785,-2.655,10.8021,11.836
4.03,-73.014,43.749,0.315,39.36,0.0055,-0.0095,0.248,0.1492,-2.6738,10.7951,11.832
4.04,-73.121,43.725,0.315,39.35,0.0052,-0.0064,0.2493,0.1134,-2.6271,10.7691,11.829
4.05,-73.228,43.701,0.315,39.34,0.0054,-0.0035,0.2503,0.0794,-2.7217,10.7298,11.826
4.06,-73.334,43.676,0.314,39.33,0.0052,-0.0009,0.2512,0.0403,-2.7452,10.6757,11.823
4.07,-73.44,43.651,0.314,39.32,0.005,0.0014,0.2518,0.0093,-2.7922,10.616,11.821
4.08,-73.547,43.626,0.314,39.32,0.0049,0.0035,0.2519,-0.0227,-2.8818,10.5469,11.82
4.09,-73.653,43.601,0.314,39.31,0.004,0.0052,0.2524,-0.0774,-2.7723,10.4602,11.819
4.1,-73.759,43.575,0.314,39.31,0.0036,0.0067,0.2532,-0.0954,-2.7501,10.3899,11.818
4.11,-73.865,43.55,0.314,39.31,0.0032,0.0079,0.2541,-0.1074,-2.747,10.3177,11.818
4.12,-73.971,43.523,0.314,39.31,0.003,0.0089,0.255,-0.136,-2.7659,10.2343,11.817
4.13,-74.077,43.497,0.315,39.31,0.0028,0.0097,0.2558,-0.1338,-2.7921,10.1674,11.817
4.14,-74.183,43.47,0.315,39.31,0.0026,0.0102,0.2566,-0.1313,-2.7892,10.0993,11.817
4.15,-74.289,43.443,0.315,39.31,0.0026,0.0106,0.2571,-0.1376,-2.8599,10.0272,11.818
4.16,-74.395,43.416,0.315,39.31,0.0025,0.0107,0.2573,-0.1561,-2.9042,9.9513,11.82
4.17,-74.5,43.389,0.315,39.31,0.0023,0.0106,0.2573,-0.1997,-2.9256,9.8665,11.821
4.18,-74.606,43.361,0.316,39.31,0.0019,0.0103,0.2572,-0.2225,-2.9112,9.7993,11.822
4.19,-74.711,43.333,0.316,39.32,0.0014,0.0099,0.2573,-0.2279,-2.8726,9.7461,11.824
4.2,-74.817,43.304,0.316,39.32,0.0011,0.0093,0.2576,-0.2348,-2.8668,9.6967,11.825
4.21,-74.922,43.276,0.316,39.33,0.0008,0.0087,0.2579,-0.2346,-2.8437,9.657,11.828
4.22,-75.028,43.247,0.317,39.33,0.0007,0.008,0.2583,-0.2551,-2.8472,9.6118,11.83
4.23,-75.133,43.218,0.317,39.34,0.0006,0.0072,0.2587,-0.273,-2.8446,9.5754,11.833
4.24,-75.238,43.188,0.317,39.35,0.0007,0.0064,0.2591,-0.3072,-2.8568,9.5368,11.836
4.25,-75.343,43.159,0.317,39.35,0.0009,0.0055,0.2591,-0.319,-2.9266,9.5174,11.839
4.26,-75.449,43.129,0.317,39.36,0.0009,0.0046,0.2589,-0.3451,-2.9383,9.4958,11.843
4.27,-75.554,43.098,0.317,39.37,0.0007,0.0036,0.2589,-0.3783,-2.8907,9.4778,11.846
4.28,-75.659,43.068,0.317,39.38,0.0006,0.0027,0.2589,-0.3858,-2.893,9.48,11.851
4.29,-75.764,43.037,0.318,39.4,0.0008,0.0018,0.2586,-0.4157,-2.9677,9.474,11.855
4.3,-75.869,43.006,0.318,39.41,0.0005,0.0009,0.2585,-0.4394,-2.8944,9.4782,11.86
4.31,-75.973,42.974,0.318,39.42,0.0005,0.0001,0.2585,-0.4774,-2.8845,9.4793,11.864
4.32,-76.078,42.943,0.318,39.44,0.0003,-0.0007,0.2589,-0.5023,-2.7992,9.4929,11.862
4.33,-76.183,42.911,0.318,39.44,0.0005,-0.0009,0.2595,-0.2819,-2.8177,9.637,11.856
4.34,-76.288,42.879,0.318,39.44,0.0009,-0.0004,0.2596,0.0076,-2.8991,9.7988,11.851
4.35,-76.392,42.846,0.318,39.43,0.0006,0.0004,0.2602,0.1883,-2.7735,9.8897,11.845
4.36,-76.497,42.813,0.318,39.41,0.001,0.0015,0.2612,0.3247,-2.7571,9.9522,11.841
4.37,-76.601,42.78,0.318,39.39,0.0015,0.0026,0.2622,0.3541,-2.79,9.9516,11.836
4.38,-76.705,42.747,0.318,39.37,0.0021,0.0035,0.263,0.3596,-2.8292,9.9385,11.833
4.39,-76.809,42.714,0.318,39.35,0.0025,0.0042,0.2638,0.3077,-2.8345,9.8941,11.829
4.4,-76.913,42.68,0.318,39.34,0.0027,0.0047,0.2649,0.2471,-2.7884,9.8489,11.827
4.41,-77.017,42.646,0.318,39.33,0.0033,0.0049,0.2658,0.1913,-2.8628,9.8085,11.825
4.42,-77.121,42.612,0.318,39.32,0.0039,0.0049,0.2662,0.1328,-2.9689,9.7692,11.822
4.43,-77.224,42.577,0.318,39.31,0.0041,0.0048,0.266,0.0975,-3.0365,9.7457,11.821
4.44,-77.328,42.542,0.318,39.31,0.0039,0.0045,0.2657,0.0664,-3.0491,9.7267,11.819
4.45,-77.431,42.507,0.318,39.3,0.0037,0.0042,0.2651,0.0449,-3.0767,9.7155,11.818
4.46,-77.534,42.472,0.318,39.3,0.0032,0.0038,0.2644,0.0142,-3.082,9.7018,11.816
4.47,-77.638,42.436,0.318,39.29,0.0025,0.0033,0.2638,0.0123,-3.0565,9.7065,11.816
4.48,-77.741,42.4,0.318,39.29,0.0016,0.0028,0.2639,-0.0159,-2.9123,9.6984,11.816
4.49,-77.844,42.364,0.317,39.29,0.0013,0.0023,0.2642,-0.0406,-2.9277,9.6954,11.815
4.5,-77.946,42.327,0.317,39.28,0.0011,0.0019,0.2642,-0.0342,-2.9677,9.7102,11.815
4.51,-78.049,42.291,0.317,39.28,0.0008,0.0014,0.2643,-0.0536,-2.9552,9.7109,11.815
4.52,-78.152,42.254,0.317,39.28,0.0005,0.0009,0.2647,-0.0859,-2.8827,9.7077,11.815
4.53,-78.254,42.216,0.317,39.28,0.0007,0.0004,0.2649,-0.1039,-2.9562,9.7136,11.816
4.54,-78.357,42.179,0.317,39.28,0.0007,-0.0,0.2649,-0.1307,-2.9852,9.7153,11.817
4.55,-78.459,42.141,0.317,39.28,0.0007,-0.0005,0.2646,-0.1656,-3.0133,9.7142,11.818
4.56,-78.561,42.103,0.317,39.29,0.0003,-0.0009,0.2647,-0.1982,-2.91,9.7166,11.82
4.57,-78.664,42.064,0.317,39.29,0.0004,-0.0013,0.2651,-0.2219,-2.9027,9.7244,11.821
4.58,-78.766,42.026,0.317,39.29,0.0005,-0.0016,0.2654,-0.2263,-2.9134,9.7425,11.823
4.59,-78.868,41.987,0.317,39.3,0.0007,-0.0019,0.2657,-0.2575,-2.9235,9.7453,11.825
4.6,-78.97,41.948,0.317,39.31,0.0011,-0.0021,0.2654,-0.289,-3.0431,9.7489,11.828
4.61,-79.071,41.908,0.317,39.31,0.001,-0.0024,0.265,-0.3352,-3.02,9.7455,11.831
4.62,-79.173,41.868,0.317,39.32,0.0008,-0.0026,0.2649,-0.376,-2.9356,9.7467,11.835
4.63,-79.275,41.828,0.317,39.33,0.0006,-0.0028,0.2655,-0.4097,-2.8471,9.7522,11.839
4.64,-79.376,41.788,0.317,39.34,0.0008,-0.003,0.2664,-0.4384,-2.8272,9.7602,11.842
4.65,-79.478,41.747,0.317,39.36,0.0013,-0.003,0.2671,-0.439,-2.8811,9.7821,11.846
4.66,-79.579,41.706,0.317,39.37,0.0017,-0.003,0.2677,-0.465,-2.8983,9.7882,11.851
4.67,-79.681,41.665,0.317,39.38,0.002,-0.0031,0.2684,-0.5127,-2.9018,9.7835,11.856
4.68,-79.782,41.624,0.317,39.4,0.0024,-0.0031,0.269,-0.5575,-2.9167,9.7812,11.854
4.69,-79.883,41.582,0.316,39.4,0.0028,-0.0025,0.2694,-0.3544,-2.9684,9.9076,11.848
4.7,-79.984,41.54,0.316,39.4,0.0027,-0.0014,0.2701,-0.0912,-2.8705,10.0448,11.844
4.71,-80.085,41.498,0.316,39.39,0.0028,0.0001,0.2715,0.1012,-2.8077,10.1287,11.839
4.72,-80.186,41.455,0.316,39.38,0.0034,0.0018,0.2728,0.2408,-2.87,10.1749,11.834
4.73,-80.286,41.413,0.316,39.36,0.004,0.0034,0.2738,0.284,-2.9416,10.1615,11.83
4.74,-80.387,41.369,0.316,39.34,0.0044,0.0048,0.2746,0.2714,-2.9968,10.1164,11.827
4.75,-80.487,41.326,0.317,39.33,0.0046,0.0059,0.2751,0.2256,-3.0256,10.0533,11.824
4.76,-80.587,41.283,0.317,39.32,0.0049,0.0068,0.2751,0.1772,-3.1397,9.9897,11.823
4.77,-80.687,41.239,0.317,39.31,0.0048,0.0073,0.2747,0.0906,-3.1816,9.908,11.821
4.78,-80.787,41.195,0.317,39.3,0.0043,0.0075,0.2741,0.0453,-3.1911,9.8539,11.819
4.79,-80.887,41.15,0.317,39.3,0.0036,0.0075,0.2735,0.0152,-3.164,9.8099,11.817
4.8,-80.986,41.106,0.317,39.29,0.0029,0.0074,0.2731,0.0026,-3.1354,9.7783,11.816
4.81,-81.086,41.061,0.317,39.29,0.0023,0.0073,0.2726,0.0047,-3.1669,9.7568,11.814
4.82,-81.185,41.016,0.317,39.28,0.0017,0.007,0.2717,0.0154,-3.2036,9.7418,11.813
4.83,-81.284,40.97,0.317,39.28,0.0008,0.0066,0.2711,-0.0044,-3.1365,9.7133,11.813
4.84,-81.383,40.924,0.317,39.27,0.0002,0.0062,0.2704,-0.0282,-3.1335,9.6876,11.812
4.85,-81.482,40.878,0.317,39.27,-0.0006,0.0056,0.2702,-0.0409,-3.0401,9.672,11.812
4.86,-81.581,40.832,0.317,39.27,-0.001,0.005,0.2701,-0.0619,-3.0407,9.6549,11.811
4.87,-81.68,40.786,0.317,39.27,-0.0011,0.0044,0.2697,-0.0651,-3.0851,9.651,11.811
4.88,-81.778,40.739,0.317,39.27,-0.0012,0.0038,0.269,-0.0684,-3.1234,9.649,11.812
4.89,-81.877,40.692,0.317,39.27,-0.0015,0.0031,0.2683,-0.1018,-3.0915,9.6342,11.812
4.9,-81.975,40.645,0.317,39.27,-0.0017,0.0025,0.2676,-0.1315,-3.093,9.6262,11.813
4.91,-82.073,40.597,0.317,39.27,-0.0019,0.0018,0.2669,-0.1455,-3.0535,9.6297,11.814
4.92,-82.171,40.549,0.317,39.27,-0.002,0.0011,0.2664,-0.1623,-3.0382,9.6336,11.816
4.93,-82.269,40.501,0.317,39.28,-0.0021,0.0005,0.2659,-0.2043,-3.0036,9.6271,11.817
4.94,-82.367,40.453,0.317,39.28,-0.0021,-0.0001,0.2656,-0.2209,-2.9658,9.6379,11.818
4.95,-82.465,40.404,0.317,39.29,-0.0018,-0.0007,0.2653,-0.2303,-2.984,9.653,11.82
4.96,-82.562,40.355,0.317,39.29,-0.0015,-0.0011,0.2647,-0.2475,-3.0347,9.6648,11.822
4.97,-82.66,40.306,0.317,39.3,-0.0012,-0.0016,0.2638,-0.2838,-3.069,9.6679,11.826
4.98,-82.757,40.257,0.317,39.3,-0.0013,-0.0021,0.2631,-0.3418,-2.9935,9.6624,11.828
4.99,-82.854,40.207,0.317,39.31,-0.0015,-0.0025,0.263,-0.3673,-2.8681,9.6775,11.831
5.0,-82.951,40.157,0.317,39.32,-0.0015,-0.0028,0.2639,-0.3783,-2.7336,9.6999,11.835
5.01,-83.048,40.107,0.317,39.33,-0.0005,-0.0031,0.2646,-0.3974,-2.8436,9.7166,11.838
5.02,-83.145,40.056,0.317,39.34,0.0003,-0.0032,0.2648,-0.4148,-2.9089,9.7342,11.843
5.03,-83.242,40.005,0.317,39.36,0.001,-0.0034,0.2646,-0.4666,-2.9727,9.7331,11.847
5.04,-83.339,39.954,0.317,39.37,0.0014,-0.0035,0.2643,-0.5035,-2.9802,9.7418,11.846
5.05,-83.436,39.903,0.317,39.38,0.0015,-0.0033,0.2643,-0.3797,-2.8989,9.8338,11.84
5.06,-83.532,39.852,0.317,39.38,0.0015,-0.0023,0.2649,-0.0746,-2.8144,10.0065,11.835
5.07,-83.628,39.8,0.317,39.37,0.0018,-0.0009,0.266,0.1293,-2.7565,10.1034,11.829
5.08,-83.724,39.748,0.317,39.35,0.0028,0.0007,0.2667,0.2735,-2.9114,10.1593,11.825
5.09,-83.82,39.696,0.317,39.33,0.0032,0.0022,0.267,0.3077,-2.9484,10.1487,11.821
5.1,-83.916,39.643,0.317,39.32,0.0032,0.0036,0.2676,0.3006,-2.8539,10.1149,11.817
5.11,-84.012,39.59,0.317,39.3,0.0034,0.0048,0.2688,0.2707,-2.7985,10.0673,11.813
5.12,-84.107,39.537,0.317,39.29,0.0038,0.0057,0.2703,0.2331,-2.8082,10.0151,11.81
5.13,-84.202,39.484,0.317,39.27,0.0044,0.0063,0.2716,0.1854,-2.8554,9.9581,11.808
5.14,-84.297,39.431,0.317,39.26,0.005,0.0067,0.2724,0.1372,-2.9724,9.9027,11.806
5.15,-84.392,39.377,0.317,39.25,0.0052,0.0069,0.2728,0.091,-3.0174,9.8511,11.804
5.16,-84.487,39.323,0.317,39.25,0.0052,0.0069,0.2732,0.0561,-3.0316,9.8089,11.803
5.17,-84.582,39.269,0.317,39.24,0.0052,0.0067,0.2733,0.0104,-3.0841,9.764,11.802
5.18,-84.676,39.215,0.317,39.24,0.0047,0.0064,0.2734,-0.0112,-3.0495,9.7367,11.801
5.19,-84.77,39.16,0.317,39.24,0.0043,0.006,0.2738,-0.0168,-3.0195,9.7206,11.801
5.2,-84.864,39.105,0.317,39.23,0.0038,0.0055,0.2745,-0.0316,-2.9866,9.702,11.801
5.21,-84.958,39.05,0.317,39.23,0.0036,0.005,0.2752,-0.0572,-3.0088,9.6813,11.8
5.22,-85.052,38.994,0.317,39.23,0.0033,0.0045,0.2758,-0.0636,-3.0208,9.6747,11.801
5.23,-85.146,38.938,0.317,39.23,0.0033,0.0039,0.2762,-0.0851,-3.082,9.6619,11.801
5.24,-85.239,38.883,0.317,39.23,0.0029,0.0032,0.2765,-0.1108,-3.0634,9.651,11.802
5.25,-85.333,38.826,0.317,39.23,0.0027,0.0026,0.2768,-0.1376,-3.0891,9.6429,11.803
5.26,-85.426,38.77,0.317,39.23,0.0024,0.002,0.277,-0.157,-3.0797,9.6418,11.805
5.27,-85.519,38.713,0.317,39.23,0.002,0.0013,0.2775,-0.1967,-3.0377,9.6328,11.806
5.28,-85.612,38.656,0.317,39.24,0.002,0.0007,0.2778,-0.2155,-3.1042,9.6383,11.808
5.29,-85.704,38.599,0.317,39.24,0.0019,0.0001,0.2777,-0.2523,-3.1555,9.6357,11.811
5.3,-85.797,38.541,0.317,39.25,0.0018,-0.0006,0.2772,-0.2913,-3.22,9.6352,11.813
5.31,-85.889,38.483,0.317,39.26,0.0011,-0.0011,0.2767,-0.3101,-3.1484,9.6482,11.816
5.32,-85.982,38.425,0.317,39.26,0.0007,-0.0016,0.2766,-0.3375,-3.1225,9.6573,11.818
5.33,-86.074,38.367,0.317,39.27,0.0004,-0.002,0.2765,-0.3578,-3.0865,9.672,11.822
5.34,-86.166,38.308,0.317,39.28,0.0001,-0.0024,0.2768,-0.3844,-3.0486,9.6839,11.825
5.35,-86.258,38.249,0.317,39.29,-0.0001,-0.0027,0.2774,-0.4164,-2.9917,9.6942,11.829
5.36,-86.35,38.19,0.317,39.3,0.0001,-0.003,0.278,-0.4531,-3.0101,9.7026,11.833
5.37,-86.441,38.131,0.317,39.32,0.0008,-0.0032,0.278,-0.474,-3.1543,9.7193,11.837
5.38,-86.533,38.071,0.317,39.33,0.0007,-0.0033,0.2779,-0.5018,-3.1041,9.732,11.842
5.39,-86.624,38.011,0.317,39.34,0.0007,-0.0034,0.278,-0.5323,-3.0714,9.7434,11.847
5.4,-86.715,37.951,0.317,39.36,0.0009,-0.0035,0.2782,-0.5753,-3.0726,9.748,11.848
5.41,-86.806,37.89,0.317,39.37,0.0009,-0.0033,0.2786,-0.4662,-3.05,9.8323,11.843
5.42,-86.897,37.829,0.317,39.37,0.0013,-0.0023,0.2786,-0.187,-3.1148,9.9917,11.838
5.43,-86.988,37.768,0.317,39.36,0.0015,-0.0009,0.2783,0.0449,-3.1705,10.1044,11.834
5.44,-87.078,37.707,0.317,39.35,0.0015,0.0007,0.2777,0.1624,-3.1993,10.1454,11.829
5.45,-87.169,37.645,0.317,39.34,0.0014,0.0023,0.277,0.2414,-3.1898,10.1604,11.825
5.46,-87.259,37.584,0.317,39.32,0.0011,0.0038,0.2765,0.242,-3.1657,10.1277,11.822
5.47,-87.349,37.522,0.317,39.31,0.0009,0.005,0.276,0.2065,-3.1556,10.0752,11.819
5.48,-87.438,37.459,0.317,39.3,0.0008,0.0059,0.2753,0.1621,-3.1842,10.018,11.815
