frame,time_seconds,target_speed_kmh,speed_kmh,speed_error_kmh,pid_command,throttle,brake,steer,location_x,location_y,location_z
43054,0.05,20.0,3.5280002832412722,16.471999716758727,1.0,0.75,0.0,0.0,-24.33677864074707,-57.78562545776367,0.8460996747016907
43055,0.1,20.0,5.2920005321502686,14.707999467849731,1.0,0.75,0.0,0.0,-24.33677864074707,-57.78562545776367,0.782399594783783
43056,0.15,20.0,7.056000995635986,12.943999004364013,1.0,0.75,0.0,0.0,-24.33677864074707,-57.78562545776367,0.6941996812820435
43057,0.2,20.0,8.820001029968262,11.179998970031738,1.0,0.75,0.0,0.0,-24.33677864074707,-57.78562545776367,0.5814997553825378
43058,0.25,20.0,10.583999347686769,9.416000652313231,1.0,0.75,0.0,0.0,-24.33677864074707,-57.78562545776367,0.444299578666687
43059,0.3,20.0,12.347997665405273,7.652002334594727,0.7335583973467346,0.5501687980100509,0.0,0.0,-24.33677864074707,-57.78562545776367,0.2825995087623596
43060,0.35,20.0,14.111995124816895,5.888004875183105,0.4617598377257587,0.346319878294319,0.0,0.0,-24.33677864074707,-57.78562545776367,0.09639957547187805
43061,0.4,20.0,6.628083086028108,13.37191691397189,0.19459198634773478,0.14594398976080108,0.0,0.0,-24.33677864074707,-57.78562545776367,-0.042574767023324966
43062,0.45,20.0,0.36200422491774253,19.637995775082256,1.0,0.75,0.0,0.0,-24.336591720581055,-57.78561019897461,-0.07213855534791946
43063,0.5,20.0,0.8494942312857692,19.150505768714233,1.0,0.75,0.0,0.0,-24.336183547973633,-57.785648345947266,-0.06277935206890106
43064,0.55,20.0,0.9258496979981647,19.074150302001836,1.0,0.75,0.0,0.0,-24.336172103881836,-57.78567886352539,-0.05006092041730881
43065,0.6,20.0,0.8276586615729793,19.17234133842702,1.0,0.75,0.0,0.0,-24.336267471313477,-57.78569030761719,-0.03782302886247635
43066,0.65,20.0,0.6742414210686573,19.325758578931342,1.0,0.75,0.0,0.0,-24.336349487304688,-57.78568649291992,-0.02748538926243782
43067,0.7,20.0,3.3266302526724516,16.67336974732755,1.0,0.75,0.0,0.0,-24.307575225830078,-57.78538131713867,-0.019503287971019745
43068,0.75,20.0,5.706214183531887,14.293785816468112,1.0,0.75,0.0,0.0,-24.241432189941406,-57.78468704223633,-0.0135442353785038
43069,0.8,20.0,7.376007412470687,12.623992587529312,1.0,0.75,0.0,0.0,-24.147945404052734,-57.78374481201172,-0.009153937920928001
43070,0.85,20.0,8.789896234671122,11.210103765328878,1.0,0.75,0.0,0.0,-24.033178329467773,-57.78247833251953,-0.005968398880213499
43071,0.9,20.0,9.877112442613486,10.122887557386514,1.0,0.75,0.0,0.0,-23.90207290649414,-57.78114318847656,-0.003683013841509819
43072,0.95,20.0,10.916787388783574,9.083212611216426,0.9992779907671557,0.7494584930753668,0.0,0.0,-23.756237030029297,-57.77958297729492,-0.002069015521556139
43073,1.0,20.0,11.826370088242737,8.173629911757263,0.9052499392991665,0.6789374544743749,0.0,0.0,-23.59661102294922,-57.77749252319336,0.0008116912795230746
43074,1.05,20.0,12.639811508457065,7.360188491542935,0.8276085907543139,0.6207064430657354,0.0,0.0,-23.425893783569336,-57.777400970458984,0.0017805099487304688
43075,1.1,20.0,13.407472186859076,6.592527813140924,0.7558553485259742,0.5668915113944807,0.0,0.0,-23.244230270385742,-57.77543258666992,0.0012281798990443349
43076,1.15,20.0,14.050625541237128,5.949374458762872,0.6764500973137257,0.5073375729852942,0.0,0.0,-23.05272102355957,-57.77311325073242,0.0010238647228106856
43077,1.2,20.0,14.58995350819743,5.41004649180257,0.6240770395119326,0.46805777963394946,0.0,0.0,-22.85307502746582,-57.770896911621094,0.001015739399008453
43078,1.25,20.0,15.046411269155303,4.953588730844697,0.587210574260105,0.4404079306950788,0.0,0.0,-22.646615982055664,-57.7686653137207,0.001099662738852203
43079,1.3,20.0,15.437481775065233,4.562518224934767,0.5584565989554906,0.41884244921661795,0.0,0.0,-22.434371948242188,-57.76642608642578,0.0012155914446339011
43080,1.35,20.0,15.776287042402181,4.223712957597819,0.533773680427879,0.40033026032090924,0.0,0.0,-22.21713638305664,-57.76412582397461,0.0013318633427843451
43081,1.4,20.0,16.071952125793302,3.9280478742066975,0.5113659936439375,0.3835244952329532,0.0,0.0,-21.99555778503418,-57.76179122924805,0.0014352034777402878
43082,1.45,20.0,16.330815741844077,3.669184258155923,0.49075891528043886,0.36806918646032916,0.0,0.0,-21.770183563232422,-57.75941467285156,0.001521377475000918
43083,1.5,20.0,16.55757487774488,3.44242512225512,0.4720135885740031,0.35401019143050233,0.0,0.0,-21.541481018066406,-57.75700378417969,0.0015906523913145065
43084,1.55,20.0,16.756035973806828,3.243964026193172,0.45526663856605576,0.3414499789245418,0.0,0.0,-21.309865951538086,-57.75456237792969,0.0016453933203592896
43085,1.6,20.0,16.92952719830931,3.0704728016906913,0.4405519180456541,0.33041393853424056,0.0,0.0,-21.07570457458496,-57.752098083496094,0.0016887664096429944
43086,1.65,20.0,17.081063418993136,2.9189365810068644,0.42777367602091754,0.3208302570156881,0.0,0.0,-20.839319229125977,-57.749603271484375,0.0017223358154296875
43087,1.7,20.0,17.181159515470668,2.818840484529332,0.41674881459747287,0.31256161094810464,0.0,0.0,-20.60173225402832,-57.74666976928711,0.003275108290836215
43088,1.75,20.0,17.234472145906814,2.765527854093186,0.4185548969036796,0.3139161726777597,0.0,0.0,-20.36275863647461,-57.74539566040039,0.0033121109008789062
43089,1.8,20.0,17.35092336963278,2.649076630367219,0.42900299774136746,0.3217522483060256,0.0,0.0,-20.122173309326172,-57.74281311035156,0.0023820495698601007
43090,1.85,20.0,17.46128796010867,2.5387120398913297,0.40876324957772336,0.3065724371832925,0.0,0.0,-19.880189895629883,-57.73995590209961,0.0019640731625258923
43091,1.9,20.0,17.557807193020306,2.442192806979694,0.3926469422163349,0.2944852066622512,0.0,0.0,-19.63684844970703,-57.73712921142578,0.0017903136322274804
43092,1.95,20.0,17.638951933347798,2.3610480666522022,0.3817437377909548,0.2863078033432161,0.0,0.0,-19.392316818237305,-57.73433303833008,0.0017319869948551059
43093,2.0,20.0,17.706607266127943,2.293392733872057,0.3750042413459236,0.2812531810094427,0.0,0.0,-19.146780014038086,-57.73154830932617,0.0017258452717214823
43094,2.05,20.0,17.763598552749112,2.2364014472508877,0.3708263645906904,0.2781197734430178,0.0,0.0,-18.90039825439453,-57.728759765625,0.0017412566812708974
43095,2.1,20.0,17.81253884847784,2.187461151522161,0.3679405449503618,0.27595540871277136,0.0,0.0,-18.653291702270508,-57.72594451904297,0.001763153006322682
43096,2.15,20.0,17.855368167115863,2.144631832884137,0.3655757656599131,0.27418182424493487,0.0,0.0,-18.40555763244629,-57.72313690185547,0.0017849730793386698
43097,2.2,20.0,17.893376980867373,2.106623019132627,0.36338714644534187,0.2725403598340064,0.0,0.0,-18.157268524169922,-57.7203254699707,0.0018039703136309981
43098,2.25,20.0,17.92737717610158,2.0726228238984206,0.36128496820182954,0.27096372615137215,0.0,0.0,-17.908485412597656,-57.71750259399414,0.0018194579752162099
43099,2.3,20.0,17.95789919803712,2.0421008019628815,0.35929589018693237,0.2694719176401993,0.0,0.0,-17.65925407409668,-57.71467208862305,0.0018317413050681353
43100,2.35,20.0,17.985324164001927,2.014675835998073,0.3574715918864588,0.26810369391484407,0.0,0.0,-17.40962791442871,-57.71183395385742,0.0018412017961964011
43101,2.4,20.0,18.009908374711603,1.9900916252883967,0.35585107339832056,0.2668883050487404,0.0,0.0,-17.159645080566406,-57.70900344848633,0.0019778823480010033
43102,2.45,20.0,18.036012139026496,1.9639878609735035,0.35446958289983177,0.2658521871748738,0.0,0.0,-16.909330368041992,-57.70616912841797,0.002142753452062607
43103,2.5,20.0,18.00054558807448,1.9994544119255195,0.3518876491097004,0.2639157368322753,0.0,0.0,-16.659299850463867,-57.70333480834961,0.002071914728730917
43104,2.55,20.0,17.984669550005197,2.015330449994803,0.3706972404751553,0.2780229303563665,0.0,0.0,-16.409563064575195,-57.70048522949219,0.0020275877323001623
43105,2.6,20.0,17.988118489831965,2.0118815101680347,0.37641314959234357,0.2823098621942577,0.0,0.0,-16.15971565246582,-57.697566986083984,0.002022437984123826
43106,2.65,20.0,17.996812433935435,2.0031875660645646,0.37420017288510127,0.28065012966382596,0.0,0.0,-15.909740447998047,-57.694618225097656,0.002013091929256916
43107,2.7,20.0,18.041063480941315,1.9589365190586854,0.371497885953117,0.27862341446483774,0.0,0.0,-15.659435272216797,-57.69196319580078,0.0020135496743023396
43108,2.75,20.0,18.019222832859448,1.9807771671405519,0.3575283820315347,0.268146286523651,0.0,0.0,-15.409683227539062,-57.68937301635742,0.001933517400175333
43109,2.8,20.0,17.908935013246197,2.0910649867538034,0.3708575492798192,0.2781431619598644,0.0,0.0,-15.160139083862305,-57.68678665161133,0.0020037840586155653
43110,2.85,20.0,18.069785534714377,1.9302144652856228,0.410667029747678,0.3080002723107585,0.0,0.0,-14.910003662109375,-57.68407440185547,0.001973381033167243
43111,2.9,20.0,17.959580967020617,2.0404190329793828,0.3443872780600543,0.25829045854504074,0.0,0.0,-14.660555839538574,-57.68134307861328,0.0019640731625258923
43112,2.95,20.0,18.093426308431187,1.9065736915688127,0.39459055021297634,0.29594291265973227,0.0,0.0,-14.409865379333496,-57.67842102050781,0.0020007705315947533
43113,3.0,20.0,18.053623979725725,1.9463760202742755,0.34298324276749353,0.25723743207562016,0.0,0.0,-14.159894943237305,-57.67543411254883,0.001990356482565403
43114,3.05,20.0,18.019263250103382,1.980736749896618,0.3684144175668157,0.27631081317511175,0.0,0.0,-13.909869194030762,-57.67246627807617,0.0019635390490293503
43115,3.1,20.0,18.00837465683794,1.9916253431620596,0.3827143943101742,0.2870357957326306,0.0,0.0,-13.659664154052734,-57.66963577270508,0.0020038604270666838
43116,3.15,20.0,17.88022506959791,2.119774930402091,0.38472681816272075,0.28854511362204055,0.0,0.0,-13.409317016601562,-57.66668701171875,0.002043571323156357
43117,3.2,20.0,17.913739705081788,2.086260294918212,0.428153003604419,0.32111475270331424,0.0,0.0,-13.159098625183105,-57.663753509521484,0.0020639419090002775
43118,3.25,20.0,18.043878555386673,1.956121444613327,0.40340802382976043,0.30255601787232034,0.0,0.0,-12.908914566040039,-57.66093063354492,0.0020029067527502775
43119,3.3,20.0,18.078544972227967,1.9214550277720335,0.3551599567423653,0.26636996755677395,0.0,0.0,-12.657845497131348,-57.65796661376953,0.0020014953333884478
43120,3.35,20.0,18.099773034761093,1.9002269652389074,0.355162558290791,0.2663719187180933,0.0,0.0,-12.406570434570312,-57.65505599975586,0.0020086669828742743
43121,3.4,20.0,18.111858797420226,1.8881412025797744,0.35773705153544194,0.26830278865158147,0.0,0.0,-12.15470027923584,-57.652191162109375,0.002017402555793524
43122,3.45,20.0,18.124358462651205,1.8756415373487947,0.3611010122836606,0.27082575921274543,0.0,0.0,-11.90377426147461,-57.6492919921875,0.0020252608228474855
43123,3.5,20.0,18.079929969299155,1.9200700307008454,0.36219748002621815,0.2716481100196636,0.0,0.0,-11.653218269348145,-57.646419525146484,0.00202770228497684
43124,3.55,20.0,18.119195123291,1.880804876709,0.3822242191402473,0.2866681643551855,0.0,0.0,-11.402585983276367,-57.643280029296875,0.002024955814704299
43125,3.6,20.0,18.143962835725844,1.8560371642741558,0.3667373340589813,0.275053000544236,0.0,0.0,-11.15207290649414,-57.64016342163086,0.0020229339133948088
43126,3.65,20.0,18.127485642011965,1.8725143579880346,0.36158092687687016,0.2711856951576526,0.0,0.0,-10.901408195495605,-57.63692092895508,0.0020201874431222677
43127,3.7,20.0,17.98300426350802,2.0169957364919817,0.37205310989317975,0.27903983241988484,0.0,0.0,-10.650517463684082,-57.63370132446289,0.002027053851634264
43128,3.75,20.0,18.03317522281874,1.9668247771812588,0.4238668248851485,0.31790011866386136,0.0,0.0,-10.399056434631348,-57.630409240722656,0.002035598736256361
43129,3.8,20.0,17.91822960280598,2.0817703971940205,0.3929606309882619,0.29472047324119643,0.0,0.0,-10.14858341217041,-57.626766204833984,0.002036476042121649
43130,3.85,20.0,18.00983714717987,1.9901628528201307,0.4320846938590357,0.32406352039427677,0.0,0.0,-9.896912574768066,-57.6234016418457,0.0020365905947983265
43131,3.9,20.0,18.211523401017708,1.7884765989822924,0.3884486780871633,0.2913365085653725,0.0,0.0,-9.646171569824219,-57.620052337646484,0.002023887587711215
43132,3.95,20.0,18.06666760992929,1.93333239007071,0.32162925364708944,0.24122194023531707,0.0,0.0,-9.395501136779785,-57.61661911010742,0.0020015717018395662
43133,4.0,20.0,17.940077485702275,2.0599225142977247,0.39490233515869405,0.29617675136902055,0.0,0.0,-9.144718170166016,-57.61326599121094,0.0020545576699078083
43134,4.05,20.0,17.98799975010953,2.0120002498904697,0.43655670500426785,0.3274175287532009,0.0,0.0,-8.89371395111084,-57.61006546020508,0.002041892847046256
43135,4.1,20.0,18.079580179070387,1.920419820929613,0.4062898327184572,0.3047173745388429,0.0,0.0,-8.641737937927246,-57.606781005859375,0.0020316315349191427
43136,4.15,20.0,18.21494949499183,1.7850505050081686,0.3722047008406534,0.27915352563049,0.0,0.0,-8.39048957824707,-57.60359191894531,0.00201587681658566
43137,4.2,20.0,18.078148072994537,1.9218519270054628,0.3327545764175421,0.24956593231315655,0.0,0.0,-8.139805793762207,-57.6003303527832,0.0019962310325354338
43138,4.25,20.0,17.978118585036754,2.0218814149632465,0.3981365737834367,0.2986024303375775,0.0,0.0,-7.8885698318481445,-57.597103118896484,0.0020481490064412355
43139,4.3,20.0,18.041082190181253,1.9589178098187467,0.4282175022023524,0.3211631266517643,0.0,0.0,-7.636877059936523,-57.59375,0.0020351409912109375
43140,4.35,20.0,18.163986085785414,1.8360139142145862,0.39371259542284476,0.2952844465671336,0.0,0.0,-7.385064601898193,-57.5906867980957,0.002021217253059149
43141,4.4,20.0,18.14467309622882,1.8553269037711786,0.3507587699863722,0.26306907748977915,0.0,0.0,-7.134175777435303,-57.58726501464844,0.002005996648222208
43142,4.45,20.0,17.970744698954988,2.029255301045012,0.3698399749040874,0.2773799811780655,0.0,0.0,-6.882978916168213,-57.58393478393555,0.002053832868114114
43143,4.5,20.0,18.07877034571559,1.92122965428441,0.43494444428072376,0.3262083332105428,0.0,0.0,-6.631084442138672,-57.58049011230469,0.00203502643853426
43144,4.55,20.0,18.24308807329074,1.756911926709261,0.3818573933525271,0.28639304501439533,0.0,0.0,-6.379711627960205,-57.57706069946289,0.002014274476096034
43145,4.6,20.0,18.11261193982959,1.8873880601704087,0.3275097160962922,0.24563228707221915,0.0,0.0,-6.128660202026367,-57.573612213134766,0.0019921492785215378
43146,4.65,20.0,18.01868479726457,1.9813152027354306,0.39118989926274234,0.29339242444705677,0.0,0.0,-5.8768815994262695,-57.57012939453125,0.002043342450633645
43147,4.7,20.0,18.152846072203417,1.8471539277965832,0.42002355404190944,0.31501766553143207,0.0,0.0,-5.625197410583496,-57.5663948059082,0.0020236587151885033
43148,4.75,20.0,18.150932286938612,1.8490677130613875,0.3616539709975154,0.2712404782481366,0.0,0.0,-5.3742570877075195,-57.56312561035156,0.0020049666054546833
43149,4.8,20.0,17.97877585440378,2.0212241455962214,0.37003335492618294,0.2775250161946372,0.0,0.0,-5.122844696044922,-57.55956268310547,0.0020510482136160135
43150,4.85,20.0,18.068641822051596,1.931358177948404,0.43395150732988746,0.3254636304974156,0.0,0.0,-4.870903015136719,-57.555999755859375,0.0020337295718491077
43151,4.9,20.0,18.24989814066975,1.7501018593302504,0.3871144759079242,0.29033585693094316,0.0,0.0,-4.619535446166992,-57.55232620239258,0.002013091929256916
43152,4.95,20.0,18.122444108849663,1.8775558911503367,0.3249693897837387,0.243727042337804,0.0,0.0,-4.368250846862793,-57.54873275756836,0.001990470802411437
43153,5.0,20.0,18.017393746223192,1.982606253776808,0.38835124547866834,0.29126343410900124,0.0,0.0,-4.1164774894714355,-57.544891357421875,0.00204296107403934
43154,5.05,20.0,18.18311102560661,1.8168889743933896,0.42175994149487445,0.3163199561211558,0.0,0.0,-3.8646931648254395,-57.54145050048828,0.0020226286724209785
43155,5.1,20.0,18.082987813744516,1.9170121862554836,0.35157439199650137,0.26368079399737604,0.0,0.0,-3.6142544746398926,-57.53777313232422,0.001998100196942687
43156,5.15,20.0,18.018533087360645,1.9814669126393554,0.3970969932294878,0.29782274492211586,0.0,0.0,-3.362614870071411,-57.53421401977539,0.0020442581735551357
43157,5.2,20.0,18.18464315737583,1.815356842624169,0.41488356481826033,0.31116267361369526,0.0,0.0,-3.1107428073883057,-57.5302734375,0.002021217253059149
43158,5.25,20.0,18.185333042781068,1.8146669572189325,0.3479132763517666,0.260934957263825,0.0,0.0,-2.8594470024108887,-57.52667236328125,0.002001647837460041
43159,5.3,20.0,17.990155501604384,2.0098444983956156,0.3598669414808632,0.26990020611064736,0.0,0.0,-2.6080141067504883,-57.522987365722656,0.0020497513469308615
43160,5.35,20.0,18.10744835212732,1.8925516478726792,0.43434563194369064,0.32575922395776796,0.0,0.0,-2.3557372093200684,-57.51935577392578,0.002030868548899889
43161,5.4,20.0,18.15400111883265,1.8459988811673504,0.3768586556684887,0.2826439917513665,0.0,0.0,-2.1050124168395996,-57.5157470703125,0.0020081710536032915
43162,5.45,20.0,18.005739193398586,1.9942608066014138,0.36407723307783024,0.27305792480837265,0.0,0.0,-1.8534525632858276,-57.51228332519531,0.0020504379644989967
43163,5.5,20.0,18.18579816284189,1.8142018371581088,0.4223802065283886,0.31678515489629144,0.0,0.0,-1.6017696857452393,-57.50849533081055,0.002023849403485656
43164,5.55,20.0,18.091295241453928,1.9087047585460724,0.3477390244541436,0.2608042683406077,0.0,0.0,-1.3512234687805176,-57.50503158569336,0.0019964599050581455
43165,5.6,20.0,18.031319775970175,1.968680224029825,0.39301067249971716,0.2947580043747879,0.0,0.0,-1.0994035005569458,-57.50144958496094,0.0020415878389030695
43166,5.65,20.0,18.194287115335474,1.8057128846645263,0.41064960606012735,0.30798720454509554,0.0,0.0,-0.8473424911499023,-57.498260498046875,0.0020187757909297943
43167,5.7,20.0,18.118213169147893,1.881786830852107,0.345937251054446,0.2594529382908345,0.0,0.0,-0.5963892936706543,-57.49476623535156,0.0019929122645407915
43168,5.75,20.0,18.05216132242794,1.9478386775720615,0.38502297304271577,0.28876722978203684,0.0,0.0,-0.34426823258399963,-57.491371154785156,0.002040023682639003
43169,5.8,20.0,18.24064956571484,1.7593504342851602,0.40676364518725,0.3050727338904375,0.0,0.0,-0.09298915416002274,-57.48783493041992,0.0020144653972238302
43170,5.85,20.0,17.95762108826265,2.0423789117373516,0.3334988382611142,0.25012412869583567,0.0,0.0,0.15787433087825775,-57.484275817871094,0.00205619796179235
43171,5.9,20.0,18.083473300960414,1.9165266990395864,0.4477606688102111,0.3358205016076583,0.0,0.0,0.4098072648048401,-57.48055648803711,0.0020328140817582607
43172,5.95,20.0,18.269338994909578,1.7306610050904219,0.3830104783411891,0.2872578587558918,0.0,0.0,0.6614109873771667,-57.4769172668457,0.0020094679202884436
43173,6.0,20.0,17.987250866569383,2.012749133430617,0.320191748716356,0.240143811537267,0.0,0.0,0.9126075506210327,-57.47322463989258,0.0020529937464743853
43174,6.05,20.0,18.097176603438722,1.9028233965612777,0.43862629465902797,0.32896972099427096,0.0,0.0,1.1647911071777344,-57.46970748901367,0.0020314024295657873
43175,6.1,20.0,18.146276140499136,1.8537238595008638,0.3817953244325415,0.2863464933244061,0.0,0.0,1.4154213666915894,-57.465911865234375,0.0020075987558811903
43176,6.15,20.0,18.00509582401923,1.9949041759807713,0.36642457898722175,0.2748184342404163,0.0,0.0,1.6670275926589966,-57.46240234375,0.0020486831199377775
43177,6.2,20.0,18.181567678262592,1.8184323217374079,0.4216546897241433,0.31624101729310744,0.0,0.0,1.9186882972717285,-57.45876693725586,0.0020225904881954193
43178,6.25,20.0,18.089410212884026,1.910589787115974,0.34868000907545227,0.2615100068065892,0.0,0.0,2.1691648960113525,-57.45539093017578,0.00199546804651618
43179,6.3,20.0,18.046602644445464,1.9533973555545359,0.3929775415505299,0.2947331561628974,0.0,0.0,2.421063184738159,-57.45199203491211,0.002040023682639003
43180,6.35,20.0,18.210630850163703,1.789369149836297,0.4047656537624596,0.3035742403218447,0.0,0.0,2.673224925994873,-57.44883728027344,0.002017135499045253
43181,6.4,20.0,18.110317199323646,1.8896828006763542,0.3414777565464364,0.2561083174098273,0.0,0.0,2.9240565299987793,-57.44548797607422,0.0019929504487663507
43182,6.45,20.0,18.05388313774791,1.9461168622520901,0.39005134230496047,0.29253850672872034,0.0,0.0,3.176100730895996,-57.44211959838867,0.002040023682639003
43183,6.5,20.0,18.23110981189742,1.7688901881025814,0.4065038027547144,0.3048778520660358,0.0,0.0,3.4272572994232178,-57.43862533569336,0.0020149610936641693
43184,6.55,20.0,18.12196316244418,1.8780368375558183,0.3371813300939359,0.25288599757045194,0.0,0.0,3.6784121990203857,-57.43515396118164,0.0019894028082489967
43185,6.6,20.0,18.047623554832082,1.9523764451679178,0.38945875646329453,0.2920940673474709,0.0,0.0,3.9304940700531006,-57.43165969848633,0.0020386504475027323
43186,6.65,20.0,18.171714525303063,1.828285474696937,0.41160100371256847,0.3087007527844263,0.0,0.0,4.182440280914307,-57.42842102050781,0.0020201110746711493
43187,6.7,20.0,18.167051293061192,1.832948706938808,0.35879689557903477,0.26909767168427606,0.0,0.0,4.433542728424072,-57.42483901977539,0.0020024871919304132
43188,6.75,20.0,17.995319947391156,2.004680052608844,0.3681519896764425,0.2761139922573319,0.0,0.0,4.685220718383789,-57.42144775390625,0.002048835624009371
43189,6.8,20.0,18.09073064211647,1.909269357883531,0.43165311884314445,0.3237398391323583,0.0,0.0,4.9374470710754395,-57.41803741455078,0.0020318604074418545
43190,6.85,20.0,18.271343135735286,1.728656864264714,0.382783820213376,0.287087865160032,0.0,0.0,5.18911600112915,-57.414730072021484,0.002011642325669527
43191,6.9,20.0,17.977745971845184,2.0222540281548156,0.3213727391813669,0.24102955438602516,0.0,0.0,5.440227031707764,-57.41133499145508,0.0020566177554428577
43192,6.95,20.0,18.09049004209214,1.9095099579078614,0.4430946417720726,0.3323209813290544,0.0,0.0,5.692306995391846,-57.408103942871094,0.002034683246165514
43193,7.0,20.0,18.268585952537677,1.731414047462323,0.38375594841121347,0.2878169613084101,0.0,0.0,5.943941593170166,-57.40476989746094,0.00201213825494051
43194,7.05,10.0,16.364575065496297,-6.364575065496297,-1.0,0.0,0.8,0.0,6.186352252960205,-57.40044403076172,0.0020014189649373293
43195,7.1,10.0,12.939137204221128,-2.9391372042211277,-1.0,0.0,0.8,0.0,6.384798049926758,-57.3931884765625,0.0020871353335678577
43196,7.15,10.0,9.513099123717799,0.4869008762822009,0.023909898042244526,0.017932423531683395,0.0,0.0,6.535635948181152,-57.384765625,0.0022869491949677467
43197,7.2,10.0,9.031934103032604,0.9680658969673956,1.0,0.75,0.0,0.0,6.65932559967041,-57.380638122558594,0.0023653411772102118
43198,7.25,10.0,9.34820143734222,0.6517985626577794,0.7746236728982353,0.5809677546736765,0.0,0.0,6.787422180175781,-57.38135528564453,0.0022809600923210382
43199,7.3,10.0,9.749025848950174,0.25097415104982623,0.3990563431678221,0.2992922573758666,0.0,0.0,6.920835018157959,-57.38300704956055,0.0021646118257194757
43200,7.35,10.0,9.992449669663605,0.00755033033639485,0.15792018860983684,0.11844014145737763,0.0,0.0,7.058585166931152,-57.38489532470703,0.0020663070026785135
43201,7.4,10.0,10.112930735613556,-0.11293073561355627,0.06232151890073608,0.04674113917555206,0.0,0.0,7.198626518249512,-57.38685989379883,0.0019990920554846525
43202,7.45,10.0,10.08090029756012,-0.0809002975601203,0.03923700870950557,0.029427756532129177,0.0,0.0,7.338973045349121,-57.38884735107422,0.0019612121395766735
43203,7.5,10.0,10.01723851209524,-0.017238512095239855,0.07202548260395278,0.054019111952964584,0.0,0.0,7.478521347045898,-57.39081954956055,0.0019422149052843451
43204,7.55,10.0,9.893073859185582,0.10692614081441754,0.10190457981753206,0.07642843486314904,0.0,0.0,7.616633892059326,-57.39277267456055,0.0019342803861945868
43205,7.6,10.0,9.804893260582432,0.19510673941756806,0.1428525386382907,0.10713940397871802,0.0,0.0,7.753288269042969,-57.39469909667969,0.0019303130684420466
43206,7.65,10.0,9.693303004619064,0.30669699538093553,0.16011526984412208,0.12008645238309157,0.0,0.0,7.888515472412109,-57.396610260009766,0.0019278716063126922
43207,7.7,10.0,9.634359226620843,0.3656407733791571,0.18365813223118607,0.13774359917338955,0.0,0.0,8.022627830505371,-57.39850997924805,0.0019244003342464566
43208,7.75,10.0,9.55446328452971,0.44553671547028983,0.1854787114720139,0.13910903360401042,0.0,0.0,8.155752182006836,-57.40038299560547,0.0019208525773137808
43209,7.8,10.0,9.523544020400669,0.47645597959933106,0.19820035526121185,0.1486502664459089,0.0,0.0,8.288174629211426,-57.402259826660156,0.001916160574182868
43210,7.85,10.0,9.465518642121413,0.5344813578785867,0.1933371737360421,0.14500288030203157,0.0,0.0,8.419949531555176,-57.404109954833984,0.0019118499476462603
43211,7.9,10.0,9.450825077777063,0.549174922222937,0.20271166773571037,0.15203375080178277,0.0,0.0,8.551277160644531,-57.40596389770508,0.0019071960123255849
43212,7.95,10.0,9.404410597316382,0.5955894026836184,0.19658468322927175,0.14743851242195383,0.0,0.0,8.682141304016113,-57.40782165527344,0.0019034957513213158
43213,8.0,10.0,9.398378396592753,0.6016216034072475,0.20572552894259466,0.154294146706946,0.0,0.0,8.81269359588623,-57.40966033935547,0.0018996810540556908
43214,8.05,10.0,9.358626033989344,0.6413739660106561,0.19964323992583888,0.14973242994437916,0.0,0.0,8.942885398864746,-57.41149139404297,0.001896934467367828
43215,8.1,10.0,9.358183798945825,0.6418162010541746,0.208856567129656,0.156642425347242,0.0,0.0,9.072848320007324,-57.41332244873047,0.00189403526019305
43216,8.15,10.0,9.323213637532467,0.6767863624675332,0.20268611328085867,0.15201458496064402,0.0,0.0,9.202521324157715,-57.41515350341797,0.00189208984375
43217,8.2,10.0,9.327105497761636,0.6728945022383641,0.21171882821416796,0.15878912116062596,0.0,0.0,9.33202838897705,-57.41698455810547,0.0018899536225944757
43218,8.25,10.0,9.295980120107627,0.7040198798923729,0.2052562402119398,0.15394218015895486,0.0,0.0,9.46130084991455,-57.41881561279297,0.0018886184552684426
43219,8.3,10.0,9.303369957090448,0.6966300429095522,0.2139890899527503,0.1604918174645627,0.0,0.0,9.590458869934082,-57.42064666748047,0.0018869399791583419
43220,8.35,10.0,9.275311651626636,0.7246883483733644,0.20720959302431588,0.15540719476823692,0.0,0.0,9.719427108764648,-57.42247009277344,0.0018860244890674949
43221,8.4,10.0,9.285443230157362,0.7145567698426376,0.21567245664270862,0.16175434248203147,0.0,0.0,9.848320960998535,-57.42428970336914,0.0018846893217414618
43222,8.45,10.0,9.25974465986554,0.7402553401344605,0.20864180196360224,0.15648135147270167,0.0,0.0,9.977059364318848,-57.42610549926758,0.001884040771983564
43223,8.5,10.0,9.271951841714358,0.7280481582856417,0.21690715832213694,0.16268036874160272,0.0,0.0,10.105754852294922,-57.427913665771484,0.001883010845631361
43224,8.55,10.0,9.248026717021819,0.7519732829781809,0.20970021602406647,0.15727516201804986,0.0,0.0,10.234320640563965,-57.42972183227539,0.001882591168396175
43225,8.6,10.0,9.261797902297506,0.7382020977024943,0.21782751352584506,0.1633706351443838,0.0,0.0,10.362866401672363,-57.43152618408203,0.0018817519303411245
43226,8.65,10.0,9.23919898935214,0.7608010106478602,0.21049183813979583,0.15786887860484689,0.0,0.0,10.491300582885742,-57.43333435058594,0.0018814849900081754
43227,8.7,10.0,9.254132432018343,0.7458675679816569,0.21852069592846304,0.1638905219463473,0.0,0.0,10.619732856750488,-57.43513870239258,0.0018807601882144809
43228,8.75,10.0,9.232536136114671,0.7674638638853288,0.21109371882964986,0.1583202891222374,0.0,0.0,10.74807071685791,-57.436946868896484,0.001880645751953125
43229,8.8,10.0,9.248352867086467,0.7516471329135328,0.21904563057973436,0.16428422293480077,0.0,0.0,10.87641716003418,-57.43875503540039,0.0018800353864207864
43230,8.85,10.0,9.227510243072626,0.7724897569273743,0.21154674924113823,0.15866006193085366,0.0,0.0,11.004681587219238,-57.44055938720703,0.0018800353864207864
43231,8.9,10.0,9.243989667271617,0.7560103327283834,0.2194418279939286,0.16458137099544645,0.0,0.0,11.132963180541992,-57.44236755371094,0.0018795012729242444
43232,8.95,10.0,9.223709286918107,0.7762907130818935,0.21188984729687055,0.1589173854726529,0.0,0.0,11.261173248291016,-57.44417190551758,0.0018795394571498036
43233,9.0,10.0,9.24068999399335,0.7593100060066504,0.21974383172679254,0.1648078737950944,0.0,0.0,11.389406204223633,-57.445980072021484,0.0018790817121043801
43234,9.05,10.0,9.220840532958672,0.7791594670413282,0.21215047186820324,0.15911285390115243,0.0,0.0,11.517571449279785,-57.44778823852539,0.001879196148365736
43235,9.1,10.0,9.238200656226908,0.7617993437730917,0.2199707977467376,0.16497809831005322,0.0,0.0,11.645770072937012,-57.44959259033203,0.00187877647113055
43236,9.15,10.0,9.218675664773134,0.7813243352268664,0.21234631575758564,0.15925973681818922,0.0,0.0,11.773904800415039,-57.45140075683594,0.001878929091617465
43237,9.2,10.0,9.236325917220961,0.7636740827790387,0.22014185567059585,0.1651063917529469,0.0,0.0,11.90207576751709,-57.45320510864258,0.0018785475986078382
43238,9.25,10.0,9.21704815599066,0.7829518440093395,0.21249266462057323,0.15936949846542992,0.0,0.0,12.03018856048584,-57.455013275146484,0.0018787384033203125
43239,9.3,10.0,9.234917312056195,0.7650826879438046,0.22026910494931978,0.16520182871198985,0.0,0.0,12.15833568572998,-57.45682144165039,0.0018783569103106856
43240,9.35,10.0,9.21582924046824,0.7841707595317597,0.21260173615242314,0.15945130211431735,0.0,0.0,12.286429405212402,-57.45862579345703,0.0018785857828333974
43241,9.4,10.0,9.233858905512287,0.766141094487713,0.2203628947277812,0.16527217104583591,0.0,0.0,12.414563179016113,-57.46043395996094,0.0018782424740493298
43242,9.45,10.0,9.214906460540266,0.7850935394597336,0.2126838715633562,0.15951290367251714,0.0,0.0,12.542642593383789,-57.46223831176758,0.0018784713465720415
43243,9.5,10.0,9.23305201197179,0.7669479880282104,0.2204358736084638,0.16532690520634785,0.0,0.0,12.670763969421387,-57.464046478271484,0.0018781280377879739
43244,9.55,10.0,9.21420343961172,0.7857965603882793,0.2127490092626788,0.1595617569470091,0.0,0.0,12.798831939697266,-57.46585464477539,0.0018783569103106856
43245,9.6,10.0,9.232444269138995,0.7675557308610053,0.2204926040594793,0.16536945304460948,0.0,0.0,12.926944732666016,-57.46765899658203,0.0018780516693368554
43246,9.65,10.0,9.213678094172886,0.7863219058271138,0.21279675372431467,0.159597565293236,0.0,0.0,13.05500602722168,-57.46946716308594,0.0018783187260851264
43247,9.7,10.0,9.23199019790427,0.7680098020957296,0.2205332179148707,0.16539991343615304,0.0,0.0,13.183110237121582,-57.47127151489258,0.001878013601526618
43248,9.75,10.0,9.21328325573502,0.7867167442649805,0.2128315155884844,0.1596236366913633,0.0,0.0,13.311165809631348,-57.473079681396484,0.0018782424740493298
43249,9.8,10.0,9.231648555757264,0.7683514442427359,0.22056392271065975,0.16542294203299482,0.0,0.0,13.4392671585083,-57.47488784790039,0.0018779754173010588
43250,9.85,10.0,9.21298452844251,0.7870154715574902,0.2128578621674178,0.15964339662556337,0.0,0.0,13.567317962646484,-57.47669219970703,0.0018782042898237705
43251,9.9,10.0,9.231388464893898,0.7686115351061016,0.22058769896207808,0.16544077422155856,0.0,0.0,13.695413589477539,-57.47850036621094,0.0018779372330754995
43252,9.95,10.0,9.212758769085386,0.7872412309146135,0.21287863208986482,0.15965897406739862,0.0,0.0,13.82346248626709,-57.48030471801758,0.0018782042898237705
43253,10.0,10.0,9.231197039502785,0.7688029604972151,0.2206055747108692,0.1654541810331519,0.0,0.0,13.951557159423828,-57.482112884521484,0.0018778991652652621
43254,10.05,10.0,9.21259224214681,0.78740775785319,0.21289248502794114,0.15966936377095586,0.0,0.0,14.079601287841797,-57.48392105102539,0.0018781661055982113
43255,10.1,10.0,9.231047666959695,0.7689523330403052,0.2206181436258529,0.16546360771938967,0.0,0.0,14.20769214630127,-57.48572540283203,0.0018779372330754995
43256,10.15,10.0,9.212464337062295,0.7875356629377048,0.21290525496740603,0.15967894122555454,0.0,0.0,14.335735321044922,-57.48753356933594,0.0018782042898237705
43257,10.2,10.0,9.230934381165941,0.769065618834059,0.2206282179258158,0.16547116344436186,0.0,0.0,14.463825225830078,-57.48933792114258,0.0018778991652652621
43258,10.25,10.0,9.21236306012287,0.7876369398771299,0.2129147682469597,0.1596860761852198,0.0,0.0,14.59186840057373,-57.491146087646484,0.0018781661055982113
43259,10.3,10.0,9.230851964846119,0.7691480351538811,0.2206372679011091,0.16547795092583184,0.0,0.0,14.719958305358887,-57.49295425415039,0.0018778991652652621
43260,10.35,10.0,9.212291795570644,0.7877082044293555,0.21292028778820218,0.15969021584115164,0.0,0.0,14.848000526428223,-57.49475860595703,0.0018781661055982113
43261,10.4,10.0,9.230784998782458,0.7692150012175425,0.22064230577705823,0.16548172933279368,0.0,0.0,14.976088523864746,-57.49656677246094,0.0018778991652652621
43262,10.45,10.0,9.21223514273754,0.7877648572624594,0.21292664709659623,0.15969498532244716,0.0,0.0,15.104127883911133,-57.49837112426758,0.0018781661055982113
43263,10.5,10.0,9.230737791873386,0.769262208126614,0.2206468982553347,0.16548517369150104,0.0,0.0,15.232213973999023,-57.500179290771484,0.0018778991652652621
43264,10.55,10.0,9.212194805006359,0.7878051949936413,0.21292988622480596,0.1596974146686045,0.0,0.0,15.36025333404541,-57.50198745727539,0.0018781661055982113
43265,10.6,10.0,9.230703456203571,0.769296543796429,0.22064965412535859,0.16548724059401893,0.0,0.0,15.4883394241333,-57.50379180908203,0.0018778991652652621
43266,10.65,10.0,9.212159611872176,0.7878403881278242,0.21293218876817804,0.15969914157613352,0.0,0.0,15.616377830505371,-57.50559997558594,0.0018781661055982113
43267,10.7,10.0,9.230672561179098,0.7693274388209019,0.22065368068480953,0.16549026051360716,0.0,0.0,15.744462966918945,-57.50740432739258,0.001877860981039703
43268,10.75,10.0,9.212135580347933,0.7878644196520668,0.21293533719456878,0.15970150289592658,0.0,0.0,15.8725004196167,-57.509212493896484,0.0018781661055982113
43269,10.8,10.0,9.230651962918985,0.7693480370810146,0.22065516979975974,0.1654913773498198,0.0,0.0,16.000585556030273,-57.51102066040039,0.001877860981039703
43270,10.85,10.0,9.212117548045896,0.7878824519541041,0.21293668247391662,0.15970251185543746,0.0,0.0,16.128623962402344,-57.51282501220703,0.0018781661055982113
43271,10.9,10.0,9.230636513419933,0.7693634865800671,0.22065648922361572,0.1654923669177118,0.0,0.0,16.2567081451416,-57.51463317871094,0.001877860981039703
43272,10.95,10.0,9.212103810068543,0.7878961899314572,0.21293779062745274,0.15970334297058955,0.0,0.0,16.384746551513672,-57.51643753051758,0.0018781280377879739
43273,11.0,10.0,9.230627079987537,0.7693729200124633,0.22065760298021792,0.16549320223516345,0.0,0.0,16.51283073425293,-57.518245697021484,0.001877860981039703
43274,11.05,10.0,9.212095234100062,0.7879047658999383,0.2129378712633204,0.1597034034474903,0.0,0.0,16.640869140625,-57.52005386352539,0.0018781280377879739
43275,11.1,10.0,9.230617637091804,0.7693823629081962,0.2206580506932112,0.1654935380199084,0.0,0.0,16.76895523071289,-57.52185821533203,0.001877860981039703
43276,11.15,10.0,9.212088366057722,0.7879116339422776,0.21293904174199124,0.15970428130649345,0.0,0.0,16.89699363708496,-57.52366638183594,0.0018781280377879739
43277,11.2,10.0,9.230609905528297,0.7693900944717029,0.22065844295103884,0.16549383221327912,0.0,0.0,17.02507781982422,-57.52547073364258,0.001877860981039703
43278,11.25,10.0,9.21208321767572,0.7879167823242792,0.2129400552064891,0.15970504140486683,0.0,0.0,17.15311622619629,-57.527278900146484,0.0018781280377879739
43279,11.3,10.0,9.230608188329233,0.7693918116707668,0.22065862543702397,0.16549396907776798,0.0,0.0,17.281200408935547,-57.52908706665039,0.001877860981039703
43280,11.35,10.0,9.212079780058673,0.7879202199413271,0.21293933166410356,0.15970449874807768,0.0,0.0,17.409238815307617,-57.53089141845703,0.0018781280377879739
43281,11.4,10.0,9.230603889460985,0.7693961105390148,0.22065899460205543,0.16549424595154158,0.0,0.0,17.537322998046875,-57.53269958496094,0.001877860981039703
43282,11.45,10.0,9.212074629783562,0.7879253702164384,0.21294007550581792,0.15970505662936343,0.0,0.0,17.665361404418945,-57.53450393676758,0.0018781280377879739
43283,11.5,10.0,9.230599596461307,0.7694004035386932,0.22065998693043332,0.165494990197825,0.0,0.0,17.793447494506836,-57.536312103271484,0.001877860981039703
43284,11.55,10.0,9.212072053794486,0.7879279462055138,0.21294065789423872,0.15970549342067902,0.0,0.0,17.921483993530273,-57.53812026977539,0.0018781280377879739
43285,11.6,10.0,9.230597880207759,0.7694021197922414,0.22065999914590856,0.1654949993594314,0.0,0.0,18.049570083618164,-57.53992462158203,0.001877860981039703
43286,11.65,10.0,9.212070334323462,0.787929665676538,0.21294055629372247,0.15970541722029186,0.0,0.0,18.1776065826416,-57.54173278808594,0.0018781280377879739
43287,11.7,10.0,9.23059787926144,0.76940212073856,0.22066007819078315,0.16549505864308736,0.0,0.0,18.30569076538086,-57.54353713989258,0.001877860981039703
43288,11.75,10.0,9.212070334513175,0.7879296654868249,0.2129401232928396,0.1597050924696297,0.0,0.0,18.433727264404297,-57.545345306396484,0.0018781280377879739
43289,11.8,10.0,9.230596162062001,0.7694038379379986,0.22065986136370452,0.1654948960227784,0.0,0.0,18.561813354492188,-57.54715347290039,0.001877860981039703
43290,11.85,10.0,9.212072050766318,0.7879279492336817,0.21294061595127495,0.1597054619634562,0.0,0.0,18.689849853515625,-57.54895782470703,0.0018781280377879739
43291,11.9,10.0,9.230599594947257,0.7694004050527425,0.22065903477447643,0.16549427608085732,0.0,0.0,18.817934036254883,-57.55076599121094,0.001877860981039703
43292,11.95,10.0,9.212073767776927,0.7879262322230733,0.21293947311643566,0.15970460483732674,0.0,0.0,18.945972442626953,-57.55257034301758,0.0018781280377879739
43293,12.0,10.0,9.230597880208206,0.7694021197917937,0.22065880644678929,0.16549410483509197,0.0,0.0,19.07405662536621,-57.554378509521484,0.001877860981039703
43294,12.05,0.0,9.083398176860067,-9.083398176860067,-1.0,0.0,0.8,0.0,19.201297760009766,-57.556175231933594,0.0018833923386409879
43295,12.1,0.0,8.74523622130301,-8.74523622130301,-1.0,0.0,0.8,0.0,19.3248233795166,-57.55792236328125,0.0019038772443309426
43296,12.15,0.0,8.176377872970875,-8.176377872970875,-1.0,0.0,0.8,0.0,19.44165802001953,-57.55957794189453,0.0019394683185964823
43297,12.2,0.0,7.609252622854453,-7.609252622854453,-1.0,0.0,0.8,0.0,19.550439834594727,-57.56111526489258,0.00197849259711802
43298,12.25,0.0,6.297282695403447,-6.297282695403447,-0.9542935445215409,0.0,0.7634348356172328,0.0,19.64812660217285,-57.5625,0.002035713056102395
43299,12.3,0.0,1.7474158843739227,-1.7474158843739227,-0.5937021988704175,0.0,0.47496175909633404,0.0,19.698522567749023,-57.56321334838867,0.002282981760799885
43300,12.35,0.0,0.024698414154039946,-0.024698414154039946,0.8189557404981147,0.614216805373586,0.0,0.0,19.70209312438965,-57.56325912475586,0.0024829101748764515
43301,12.4,0.0,0.7397910089940972,-0.7397910089940972,0.8774469564902373,0.658085217367678,0.0,0.0,19.709970474243164,-57.56336975097656,0.002405624371021986
43302,12.45,0.0,1.2097926417176519,-1.2097926417176519,0.18229913108085205,0.13672434831063904,0.0,0.0,19.72552490234375,-57.56361770629883,0.0022613906767219305
43303,12.5,0.0,0.0004106415967276888,-0.0004106415967276888,-0.1335448380646792,0.0,0.10683587045174336,0.0,19.7274169921875,-57.56365203857422,0.0022324752062559128
43304,12.55,0.0,0.3397063769360232,-0.3397063769360232,0.2613695692434872,0.1960271769326154,0.0,0.0,19.729358673095703,-57.56367874145508,0.0021574783604592085
43305,12.6,0.0,0.08291082917268665,-0.08291082917268665,0.007323464967493996,0.005492598725620497,0.0,0.0,19.732683181762695,-57.56373596191406,0.002087173517793417
43306,12.65,0.0,0.3316031622568137,-0.3316031622568137,0.0635286529446191,0.04764648970846432,0.0,0.0,19.736827850341797,-57.56379699707031,0.0020292282570153475
43307,12.7,0.0,0.00021107628441336228,-0.00021107628441336228,-0.06617491915501557,0.0,0.052939935324012456,0.0,19.737323760986328,-57.56379699707031,0.0020071028266102076
43308,12.75,0.0,0.027855067942474238,-0.027855067942474238,0.05343371173606413,0.0400752838020481,0.0,0.0,19.73904800415039,-57.56382751464844,0.0019736862741410732
43309,12.8,0.0,0.3131629421064102,-0.3131629421064102,0.012415931693972447,0.009311948770479335,0.0,0.0,19.741539001464844,-57.56386947631836,0.0019436645088717341
43310,12.85,0.0,9.311230334500343e-05,-9.311230334500343e-05,-0.10049823428255183,0.0,0.08039858742604147,0.0,19.74138069152832,-57.56386947631836,0.0019372558454051614
43311,12.9,0.0,0.051273310248673425,-0.051273310248673425,0.03115703273471617,0.023367774551037127,0.0,0.0,19.74275779724121,-57.56389617919922,0.0019198989029973745
43312,12.95,0.0,3.4218356704568955e-05,-3.4218356704568955e-05,-0.007048219610406199,0.0,0.005638575688324959,0.0,19.74367332458496,-57.56391143798828,0.0019125747494399548
43313,13.0,0.0,0.10951980600232353,-0.10951980600232353,0.005870192032570845,0.004402644024428134,0.0,0.0,19.744192123413086,-57.56391525268555,0.0019053268479183316
43314,13.05,0.0,2.1359185735291645e-05,-2.1359185735291645e-05,-0.04013605944061069,0.0,0.03210884755248855,0.0,19.74493980407715,-57.56392288208008,0.0018993377452716231
43315,13.1,0.0,0.20108946323800944,-0.20108946323800944,0.0053211770830573525,0.003990882812293014,0.0,0.0,19.744104385375977,-57.56390380859375,0.0019006729125976562
43316,13.15,0.0,3.8351332281633e-05,-3.8351332281633e-05,-0.07253665333978891,0.0,0.058029322671831134,0.0,19.744596481323242,-57.56391143798828,0.0018917465349659324
43317,13.2,0.0,0.21204716723724834,-0.21204716723724834,0.014246302420311437,0.010684726815233577,0.0,0.0,19.74359893798828,-57.56388854980469,0.0018938063876703382
43318,13.25,0.0,3.11082335738071e-05,-3.11082335738071e-05,-0.07196037503623742,0.0,0.05756830002898994,0.0,19.744060516357422,-57.56389617919922,0.0018854521913453937
43319,13.3,0.0,0.21377934196969958,-0.21377934196969958,0.017497327498332587,0.01312299562374944,0.0,0.0,19.7430362701416,-57.56387710571289,0.0018887328915297985
43320,13.35,0.0,2.231981806415751e-05,-2.231981806415751e-05,-0.07099700116196336,0.0,0.056797600929570695,0.0,19.74349021911621,-57.563880920410156,0.0018814849900081754
43321,13.4,0.0,0.21580703190749187,-0.21580703190749187,0.018404990213979018,0.013803742660484264,0.0,0.0,19.742435455322266,-57.56386184692383,0.0018858336843550205
43322,13.45,0.0,1.7638477370898083e-05,-1.7638477370898083e-05,-0.07130974235704846,0.0,0.05704779388563877,0.0,19.742883682250977,-57.563865661621094,0.0018792342161759734
43323,13.5,0.0,0.21478039300758092,-0.21478039300758092,0.01875391782131096,0.014065438365983219,0.0,0.0,19.74184226989746,-57.563846588134766,0.001884040771983564
43324,13.55,0.0,1.3782372445272488e-05,-1.3782372445272488e-05,-0.07083068515525055,0.0,0.056664548124200444,0.0,19.742290496826172,-57.56385040283203,0.0018779372330754995
43325,13.6,0.0,0.21527122428820963,-0.21527122428820963,0.018658772781639597,0.013994079586229698,0.0,0.0,19.741241455078125,-57.5638313293457,0.0018831252818927169
43326,13.65,0.0,1.2929054603916828e-05,-1.2929054603916828e-05,-0.07110505301164616,0.0,0.05688404240931693,0.0,19.741689682006836,-57.56383514404297,0.0018772887997329235
43327,13.7,0.0,0.21494544243729696,-0.21494544243729696,0.018603045291852915,0.013952283968889687,0.0,0.0,19.74064826965332,-57.56381607055664,0.0018826675368472934
43328,13.75,0.0,1.2108512621457779e-05,-1.2108512621457779e-05,-0.07107278591853668,0.0,0.05685822873482935,0.0,19.74109649658203,-57.56382369995117,0.0018769073067232966
43329,13.8,0.0,0.21521577315074678,-0.21521577315074678,0.018476136836498548,0.013857102627373911,0.0,0.0,19.740047454833984,-57.56380081176758,0.0018824004800990224
43330,13.85,0.0,1.1129397972547747e-05,-1.1129397972547747e-05,-0.07128495609806068,0.0,0.05702796487844855,0.0,19.740495681762695,-57.56380844116211,0.0018767166184261441
43331,13.9,0.0,0.21517615092786596,-0.21517615092786596,0.018390928902203847,0.013793196676652885,0.0,0.0,19.73944854736328,-57.56378936767578,0.0018822478596121073
43332,13.95,0.0,9.866268553815957e-06,-9.866268553815957e-06,-0.07136774845825393,0.0,0.05709419876660315,0.0,19.73989486694336,-57.56379318237305,0.0018766021821647882
43333,14.0,0.0,0.21530074086603906,-0.21530074086603906,0.0182852825175948,0.0137139618881961,0.0,0.0,19.738845825195312,-57.56377410888672,0.0018821716075763106
43334,14.05,0.0,9.67074626471414e-06,-9.67074626471414e-06,-0.07151838428877738,0.0,0.05721470743102191,0.0,19.739294052124023,-57.563777923583984,0.0018765258137136698
43335,14.1,0.0,0.21529259590059008,-0.21529259590059008,0.018190467714109357,0.013642850785582018,0.0,0.0,19.738245010375977,-57.563758850097656,0.0018821334233507514
43336,14.15,0.0,9.433102753841247e-06,-9.433102753841247e-06,-0.07161681825166281,0.0,0.05729345460133026,0.0,19.738691329956055,-57.56376266479492,0.0018764877459034324
43337,14.2,0.0,0.2154756967215465,-0.2154756967215465,0.018085268594557023,0.013563951445917767,0.0,0.0,19.737640380859375,-57.563743591308594,0.0018820952391251922
43338,14.25,0.0,9.366507011521058e-06,-9.366507011521058e-06,-0.07178748550840054,0.0,0.057429988406720436,0.0,19.738086700439453,-57.563743591308594,0.0018764877459034324
43339,14.3,0.0,0.21548545355021853,-0.21548545355021853,0.017996439751302787,0.01349732981347709,0.0,0.0,19.73703384399414,-57.563724517822266,0.0018820952391251922
43340,14.35,0.0,9.340547354983792e-06,-9.340547354983792e-06,-0.07188920927811347,0.0,0.05751136742249078,0.0,19.73748207092285,-57.56372833251953,0.0018764495616778731
43341,14.4,0.0,0.21559460146476211,-0.21559460146476211,0.01789439638817643,0.013420797291132321,0.0,0.0,19.736427307128906,-57.5637092590332,0.0018820952391251922
43342,14.45,0.0,9.286738000632862e-06,-9.286738000632862e-06,-0.07203236814115412,0.0,0.0576258945129233,0.0,19.736873626708984,-57.56371307373047,0.0018764495616778731
43343,14.5,0.0,0.2156949025474855,-0.2156949025474855,0.017798950507831268,0.01334921288087345,0.0,0.0,19.735816955566406,-57.56369400024414,0.0018820952391251922
43344,14.55,0.0,9.586096978541665e-06,-9.586096978541665e-06,-0.0721691623804444,0.0,0.057735329904355516,0.0,19.736263275146484,-57.56370162963867,0.0018764495616778731
43345,14.6,0.0,0.21572088190718194,-0.21572088190718194,0.01770410521329193,0.013278078909968948,0.0,0.0,19.73520851135254,-57.56367874145508,0.0018820571713149548
43346,14.65,0.0,9.552410045714552e-06,-9.552410045714552e-06,-0.07227953459172985,0.0,0.057823627673383886,0.0,19.735654830932617,-57.56368637084961,0.001876411377452314
43347,14.7,0.0,0.21584279723945118,-0.21584279723945118,0.017602142621834644,0.013201606966375984,0.0,0.0,19.734596252441406,-57.56366729736328,0.0018820571713149548
43348,14.75,0.0,9.746393938563205e-06,-9.746393938563205e-06,-0.07242718908390469,0.0,0.05794175126712375,0.0,19.735042572021484,-57.56367111206055,0.001876411377452314
43349,14.8,0.0,0.2158893884231798,-0.2158893884231798,0.017507811013354448,0.013130858260015836,0.0,0.0,19.733985900878906,-57.56365203857422,0.0018820571713149548
43350,14.85,0.0,9.941104921361603e-06,-9.941104921361603e-06,-0.0725445948883795,0.0,0.058035675910703605,0.0,19.73443031311035,-57.563655853271484,0.001876411377452314
43351,14.9,0.0,0.21595419522169176,-0.21595419522169176,0.017407877656738666,0.013055908242554,0.0,0.0,19.73337173461914,-57.563636779785156,0.0018820571713149548
43352,14.95,0.0,1.059477284534343e-05,-1.059477284534343e-05,-0.07267119763642757,0.0,0.05813695810914206,0.0,19.733816146850586,-57.56364059448242,0.001876411377452314
43353,15.0,0.0,0.2160705582918658,-0.2160705582918658,0.0173081780076164,0.0129811335057123,0.0,0.0,19.73275375366211,-57.563621520996094,0.0018820571713149548
43354,15.05,0.0,1.3851201581224342e-05,-1.3851201581224342e-05,-0.07281564415590425,0.0,0.0582525153247234,0.0,19.733200073242188,-57.56362533569336,0.0018763731932267547
43355,15.1,0.0,0.21648217885670382,-0.21648217885670382,0.01721279292563782,0.012909594694228366,0.0,0.0,19.732135772705078,-57.56360626220703,0.0018822478596121073
43356,15.15,0.0,1.3156595422945138e-05,-1.3156595422945138e-05,-0.07306073528934026,0.0,0.05844858823147221,0.0,19.732580184936523,-57.56361389160156,0.0018763731932267547
43357,15.2,0.0,0.21628827259709368,-0.21628827259709368,0.017149562466194177,0.012862171849645634,0.0,0.0,19.731517791748047,-57.56359100341797,0.0018822097918018699
43358,15.25,0.0,1.2978873545387694e-05,-1.2978873545387694e-05,-0.07307870122562529,0.0,0.05846296098050024,0.0,19.731962203979492,-57.5635986328125,0.001876296941190958
43359,15.3,0.0,0.21643046920341877,-0.21643046920341877,0.017033242210878832,0.012774931658159124,0.0,0.0,19.730899810791016,-57.56357955932617,0.0018822097918018699
43360,15.35,0.0,1.2405107121953866e-05,-1.2405107121953866e-05,-0.07324082545018389,0.0,0.05859266036014711,0.0,19.73134422302246,-57.56358337402344,0.0018762587569653988
43361,15.4,0.0,0.21651272848393716,-0.21651272848393716,0.016937374408451104,0.012703030806338328,0.0,0.0,19.73027992248535,-57.56356430053711,0.0018821716075763106
43362,15.45,0.0,1.3805648688856853e-05,-1.3805648688856853e-05,-0.07337185973356353,0.0,0.05869748778685083,0.0,19.730724334716797,-57.563568115234375,0.0018762587569653988
43363,15.5,0.0,0.21658322390126994,-0.21658322390126994,0.016839856395686872,0.012629892296765154,0.0,0.0,19.729656219482422,-57.56354904174805,0.0018821716075763106
43364,15.55,0.0,1.0106622652279179e-05,-1.0106622652279179e-05,-0.07349907386832305,0.0,0.05879925909465844,0.0,19.730100631713867,-57.56355285644531,0.0018764495616778731
43365,15.6,0.0,0.2163085813075039,-0.2163085813075039,0.016742782819311963,0.012557087114483972,0.0,0.0,19.729036331176758,-57.563533782958984,0.0018821334233507514
43366,15.65,0.0,1.098930944055534e-05,-1.098930944055534e-05,-0.07350651399218654,0.0,0.058805211193749235,0.0,19.729480743408203,-57.56353759765625,0.001876411377452314
43367,15.7,0.0,0.21663368715185782,-0.21663368715185782,0.016609146990392724,0.012456860242794543,0.0,0.0,19.728410720825195,-57.56351852416992,0.0018820952391251922
43368,15.75,0.0,1.033894703536553e-05,-1.033894703536553e-05,-0.07374111865887968,0.0,0.058992894927103745,0.0,19.72885513305664,-57.56352233886719,0.001876411377452314
43369,15.8,0.0,0.2167015608444208,-0.2167015608444208,0.01652731554715118,0.012395486660363384,0.0,0.0,19.727785110473633,-57.56350326538086,0.0018820952391251922
43370,15.85,0.0,1.0030346769204176e-05,-1.0030346769204176e-05,-0.07386016396592993,0.0,0.059088131172743946,0.0,19.728229522705078,-57.56350326538086,0.001876411377452314
43371,15.9,0.0,0.21676073840773258,-0.21676073840773258,0.0164323883485263,0.012324291261394726,0.0,0.0,19.727157592773438,-57.56348419189453,0.0018820952391251922
43372,15.95,0.0,1.007300886647914e-05,-1.007300886647914e-05,-0.07398263206405413,0.0,0.059186105651243305,0.0,19.72760009765625,-57.56349182128906,0.001876411377452314
43373,16.0,0.0,0.21682168657432407,-0.21682168657432407,0.016333220484121218,0.012249915363090913,0.0,0.0,19.72652816772461,-57.56346893310547,0.0018820952391251922
43374,16.05,0.0,1.0597396675473642e-05,-1.0597396675473642e-05,-0.07410775929942438,0.0,0.05928620743953951,0.0,19.726972579956055,-57.5634765625,0.001876411377452314
43375,16.1,0.0,0.21692406244813997,-0.21692406244813997,0.0162330258744259,0.012174769405819425,0.0,0.0,19.72589874267578,-57.56345748901367,0.0018820952391251922
43376,16.15,0.0,1.0180642086986345e-05,-1.0180642086986345e-05,-0.07424780321238979,0.0,0.05939824256991183,0.0,19.726341247558594,-57.56346130371094,0.0018763731932267547
43377,16.2,0.0,0.2170037806252313,-0.2170037806252313,0.01613706969076463,0.012102802268073472,0.0,0.0,19.725265502929688,-57.56344223022461,0.0018820571713149548
43378,16.25,0.0,1.0228084261917975e-05,-1.0228084261917975e-05,-0.07437807069357533,0.0,0.059502456554860264,0.0,19.7257080078125,-57.563446044921875,0.0018763731932267547
43379,16.3,0.0,0.21707166376183012,-0.21707166376183012,0.016039588330072824,0.012029691247554618,0.0,0.0,19.724634170532227,-57.56342697143555,0.0018820571713149548
43380,16.35,0.0,9.86921077398414e-06,-9.86921077398414e-06,-0.0745048448688784,0.0,0.05960387589510272,0.0,19.72507667541504,-57.56343078613281,0.0018763731932267547
43381,16.4,0.0,0.217210571123524,-0.217210571123524,0.01594072441718198,0.011955543312886485,0.0,0.0,19.7239990234375,-57.563411712646484,0.0018820571713149548
43382,16.45,0.0,1.0316684191194344e-05,-1.0316684191194344e-05,-0.07465733292904984,0.0,0.059725866343239876,0.0,19.72443962097168,-57.56341552734375,0.0018763731932267547
43383,16.5,0.0,0.21722369121958007,-0.21722369121958007,0.01584821796204575,0.011886163471534313,0.0,0.0,19.72336196899414,-57.56339645385742,0.0018820571713149548
43384,16.55,0.0,1.0227280819776494e-05,-1.0227280819776494e-05,-0.07476236691704782,0.0,0.05980989353363826,0.0,19.723804473876953,-57.56340026855469,0.0018763351254165173
43385,16.6,0.0,0.21731086998243454,-0.21731086998243454,0.015745031828367922,0.011808773871275942,0.0,0.0,19.722726821899414,-57.56338119506836,0.0018820571713149548
43386,16.65,0.0,9.960457353303317e-06,-9.960457353303317e-06,-0.07489884920581946,0.0,0.05991907936465557,0.0,19.723169326782227,-57.56338882446289,0.0018763351254165173
43387,16.7,0.0,0.21739366041869285,-0.21739366041869285,0.015646528091076268,0.011734896068307202,0.0,0.0,19.722087860107422,-57.56336975097656,0.0018820952391251922
43388,16.75,0.0,1.0003938792745343e-05,-1.0003938792745343e-05,-0.07503152270643705,0.0,0.06002521816514964,0.0,19.7225284576416,-57.56337356567383,0.0018763351254165173
43389,16.8,0.0,0.21746649381651667,-0.21746649381651667,0.015548592565274978,0.011661444423956233,0.0,0.0,19.721446990966797,-57.5633544921875,0.0018820952391251922
43390,16.85,0.0,1.0100632166761243e-05,-1.0100632166761243e-05,-0.07516035753396846,0.0,0.06012828602717477,0.0,19.72188949584961,-57.563358306884766,0.001876296941190958
43391,16.9,0.0,0.2175345412448521,-0.2175345412448521,0.015449801320444403,0.011587350990333301,0.0,0.0,19.720806121826172,-57.56333923339844,0.0018820571713149548
43392,16.95,0.0,1.0346831677381988e-05,-1.0346831677381988e-05,-0.07528794633794965,0.0,0.06023035707035972,0.0,19.721248626708984,-57.5633430480957,0.001876296941190958
43393,17.0,0.0,0.21764924131782262,-0.21764924131782262,0.015350247507848325,0.011512685630886244,0.0,0.0,19.720165252685547,-57.563323974609375,0.0018820571713149548
43394,17.05,0.0,1.0276031834292876e-05,-1.0276031834292876e-05,-0.07543224413697756,0.0,0.060345795309582055,0.0,19.720605850219727,-57.56332778930664,0.001876296941190958
43395,17.1,0.0,0.21768121503753696,-0.21768121503753696,0.015255251046708895,0.01144143828503167,0.0,0.0,19.719520568847656,-57.56330871582031,0.0018820571713149548
43396,17.15,0.0,1.0094327008231403e-05,-1.0094327008231403e-05,-0.07554538350560142,0.0,0.06043630680448114,0.0,19.719961166381836,-57.56331253051758,0.001876296941190958
43397,17.2,0.0,0.2178137215599193,-0.2178137215599193,0.015153114950092602,0.011364836212569451,0.0,0.0,19.718873977661133,-57.56329345703125,0.0018820571713149548
43398,17.25,0.0,1.0138683549278266e-05,-1.0138683549278266e-05,-0.07569736788617287,0.0,0.0605578943089383,0.0,19.719314575195312,-57.56330108642578,0.001876296941190958
43399,17.3,0.0,0.217830417525405,-0.217830417525405,0.015059090552522646,0.011294317914391984,0.0,0.0,19.71822738647461,-57.56327819824219,0.0018820571713149548
43400,17.35,0.0,1.1917658501911378e-05,-1.1917658501911378e-05,-0.07580467578787267,0.0,0.06064374063029814,0.0,19.71866798400879,-57.56328582763672,0.001876296941190958
43401,17.4,0.0,0.21795044871694205,-0.21795044871694205,0.014954944322408164,0.011216208241806122,0.0,0.0,19.717580795288086,-57.56326675415039,0.0018820952391251922
43402,17.45,0.0,1.1253878311582068e-05,-1.1253878311582068e-05,-0.07595279120124765,0.0,0.06076223296099812,0.0,19.718021392822266,-57.56326675415039,0.0018763351254165173
43403,17.5,0.0,0.21806427936391365,-0.21806427936391365,0.014859637256756219,0.011144727942567163,0.0,0.0,19.716930389404297,-57.56324768066406,0.0018821334233507514
43404,17.55,0.0,1.1321342167779212e-05,-1.1321342167779212e-05,-0.07609501534103832,0.0,0.06087601227283066,0.0,19.717370986938477,-57.56325149536133,0.0018763351254165173
43405,17.6,0.0,0.2180413197926899,-0.2180413197926899,0.014765286085385923,0.011073964564039442,0.0,0.0,19.716279983520508,-57.563232421875,0.0018820952391251922
43406,17.65,0.0,1.1275823940768592e-05,-1.1275823940768592e-05,-0.07618864394462561,0.0,0.060950915155700496,0.0,19.716720581054688,-57.563236236572266,0.0018763351254165173
43407,17.7,0.0,0.21825974136567172,-0.21825974136567172,0.014657660695360598,0.010993245521520449,0.0,0.0,19.715627670288086,-57.56321716308594,0.0018820952391251922
43408,17.75,0.0,1.1528663344781369e-05,-1.1528663344781369e-05,-0.07637353906738499,0.0,0.061098831253908,0.0,19.716066360473633,-57.5632209777832,0.0018763351254165173
43409,17.8,0.0,0.2182202699863341,-0.2182202699863341,0.014570622692042406,0.010927967019031804,0.0,0.0,19.71497344970703,-57.563201904296875,0.0018820952391251922
43410,17.85,0.0,1.1088193473352701e-05,-1.1088193473352701e-05,-0.07645772163725739,0.0,0.06116617730980592,0.0,19.715412139892578,-57.56320571899414,0.0018763351254165173
43411,17.9,0.0,0.2183602881944056,-0.2183602881944056,0.014463273212815868,0.0108474549096119,0.0,0.0,19.714319229125977,-57.56318664550781,0.0018820952391251922
43412,17.95,0.0,1.1310065222174599e-05,-1.1310065222174599e-05,-0.07661515172755932,0.0,0.06129212138204746,0.0,19.714757919311523,-57.56319046020508,0.001876296941190958
43413,18.0,0.0,0.21839536183044833,-0.21839536183044833,0.014368392564739632,0.010776294423554725,0.0,0.0,19.713661193847656,-57.56317138671875,0.0018820952391251922
43414,18.05,0.0,1.1565571488043776e-05,-1.1565571488043776e-05,-0.0767294172458644,0.0,0.06138353379669153,0.0,19.714101791381836,-57.56317901611328,0.001876296941190958
43415,18.1,0.0,0.21849406004249985,-0.21849406004249985,0.014266213832578742,0.010699660374434056,0.0,0.0,19.71300506591797,-57.56315612792969,0.0018821334233507514
43416,18.15,0.0,1.0457032623867378e-05,-1.0457032623867378e-05,-0.07686963180289627,0.0,0.06149570544231702,0.0,19.713443756103516,-57.56316375732422,0.0018763351254165173
43417,18.2,0.0,0.21861518434084928,-0.21861518434084928,0.014169010698845375,0.010626758024134032,0.0,0.0,19.712345123291016,-57.56314468383789,0.0018821334233507514
43418,18.25,0.0,1.0412702101255597e-05,-1.0412702101255597e-05,-0.07701561841379086,0.0,0.06161249473103269,0.0,19.712783813476562,-57.563148498535156,0.0018763351254165173
43419,18.3,0.0,0.21864180205103698,-0.21864180205103698,0.014074685702948985,0.010556014277211739,0.0,0.0,19.711685180664062,-57.56312942504883,0.0018821334233507514
43420,18.35,0.0,1.1811593991255829e-05,-1.1811593991255829e-05,-0.07712677900931429,0.0,0.061701423207451436,0.0,19.71212387084961,-57.563133239746094,0.001876296941190958
43421,18.4,0.0,0.21872217674185673,-0.21872217674185673,0.01397127191019315,0.010478453932644863,0.0,0.0,19.711023330688477,-57.563114166259766,0.0018820952391251922
43422,18.45,0.0,1.2104190903661177e-05,-1.2104190903661177e-05,-0.07726093594296604,0.0,0.06180874875437284,0.0,19.711462020874023,-57.56311798095703,0.001876296941190958
43423,18.5,0.0,0.21879124979068884,-0.21879124979068884,0.013871510431040953,0.010403632823280714,0.0,0.0,19.71036148071289,-57.5630989074707,0.0018820952391251922
43424,18.55,0.0,1.1622828211347351e-05,-1.1622828211347351e-05,-0.07738962989224007,0.0,0.06191170391379206,0.0,19.710798263549805,-57.56310272216797,0.001876296941190958
43425,18.6,0.0,0.2188972997888384,-0.2188972997888384,0.013771626423961014,0.01032871981797076,0.0,0.0,19.709697723388672,-57.56308364868164,0.0018820952391251922
43426,18.65,0.0,1.2423314928120108e-05,-1.2423314928120108e-05,-0.07753157551302657,0.0,0.06202526041042126,0.0,19.710134506225586,-57.56309127807617,0.001876296941190958
43427,18.7,0.0,0.2189856985113794,-0.2189856985113794,0.013674809561810412,0.010256107171357809,0.0,0.0,19.70903205871582,-57.56306838989258,0.0018820952391251922
43428,18.75,0.0,1.0946232894794561e-05,-1.0946232894794561e-05,-0.07766547499328133,0.0,0.062132379994625064,0.0,19.709468841552734,-57.56307601928711,0.0018763351254165173
43429,18.8,0.0,0.21908004277825924,-0.21908004277825924,0.013577937657177908,0.01018345324288343,0.0,0.0,19.708364486694336,-57.56305694580078,0.0018821334233507514
43430,18.85,0.0,1.406199102540015e-05,-1.406199102540015e-05,-0.0778021339698842,0.0,0.06224170717590736,0.0,19.70880126953125,-57.56306076049805,0.001876296941190958
43431,18.9,0.0,0.21952922951385692,-0.21952922951385692,0.013479688021790861,0.010109766016343145,0.0,0.0,19.707691192626953,-57.56304168701172,0.0018823622958734632
43432,18.95,0.0,1.2242830678942096e-05,-1.2242830678942096e-05,-0.07806261543111111,0.0,0.06245009234488889,0.0,19.708126068115234,-57.563045501708984,0.0018762587569653988
43433,19.0,0.0,0.21920667064126975,-0.21920667064126975,0.013418725436291985,0.01006404407721899,0.0,0.0,19.707021713256836,-57.563026428222656,0.0018823242280632257
43434,19.05,0.0,1.4878806095786077e-05,-1.4878806095786077e-05,-0.07803542547620015,0.0,0.06242834038096012,0.0,19.70745849609375,-57.56303024291992,0.0018762206891551614
43435,19.1,0.0,0.2194783685220131,-0.2194783685220131,0.013287888086034389,0.009965916064525793,0.0,0.0,19.706350326538086,-57.56300735473633,0.0018822860438376665
43436,19.15,0.0,1.4375398222310481e-05,-1.4375398222310481e-05,-0.07825015475265171,0.0,0.06260012380212136,0.0,19.706787109375,-57.563011169433594,0.0018761825049296021
43437,19.2,0.0,0.21947284777408302,-0.21947284777408302,0.01320054349764068,0.00990040762323051,0.0,0.0,19.705678939819336,-57.562992095947266,0.0018822860438376665
43438,19.25,0.0,1.1052534573561963e-05,-1.1052534573561963e-05,-0.07834690364784433,0.0,0.06267752291827547,0.0,19.706113815307617,-57.56299591064453,0.001876411377452314
43439,19.3,0.0,0.2192615658988964,-0.2192615658988964,0.013096943702279394,0.009822707776709546,0.0,0.0,19.705005645751953,-57.5629768371582,0.0018822097918018699
43440,19.35,0.0,1.094734078345367e-05,-1.094734078345367e-05,-0.07838043401085262,0.0,0.0627043472086821,0.0,19.705442428588867,-57.56298065185547,0.0018763731932267547
43441,19.4,0.0,0.21955061220737562,-0.21955061220737562,0.012967294720913992,0.009725471040685494,0.0,0.0,19.704330444335938,-57.56296157836914,0.0018822097918018699
43442,19.45,0.0,1.1924895744474331e-05,-1.1924895744474331e-05,-0.0786014162892595,0.0,0.0628811330314076,0.0,19.70476722717285,-57.56296920776367,0.0018763731932267547
43443,19.5,0.0,0.21957053442223548,-0.21957053442223548,0.01288105829364146,0.009660793720231094,0.0,0.0,19.703655242919922,-57.56294631958008,0.0018822097918018699
43444,19.55,0.0,1.128329931435528e-05,-1.128329931435528e-05,-0.07870613904586565,0.0,0.06296491123669253,0.0,19.704090118408203,-57.56295394897461,0.0018763351254165173
43445,19.6,0.0,0.2197472427292109,-0.2197472427292109,0.012779504789144112,0.009584628591858085,0.0,0.0,19.70297622680664,-57.56293487548828,0.0018821716075763106
43446,19.65,0.0,1.1197737190198391e-05,-1.1197737190198391e-05,-0.07887392395315787,0.0,0.0630991391625263,0.0,19.703411102294922,-57.56293869018555,0.0018763351254165173
43447,19.7,0.0,0.21972329056819792,-0.21972329056819792,0.012689297477933629,0.009516973108450223,0.0,0.0,19.70229721069336,-57.56291961669922,0.0018821716075763106
43448,19.75,0.0,1.1165987906317224e-05,-1.1165987906317224e-05,-0.07896559551602883,0.0,0.06317247641282307,0.0,19.70273208618164,-57.562923431396484,0.0018762587569653988
43449,19.8,0.0,0.21989259344127005,-0.21989259344127005,0.012581952358267243,0.009436464268700432,0.0,0.0,19.701616287231445,-57.562904357910156,0.0018821334233507514
43450,19.85,0.0,1.1115111720810864e-05,-1.1115111720810864e-05,-0.07913355107806588,0.0,0.06330684086245271,0.0,19.702051162719727,-57.56290817260742,0.0018762587569653988
43451,19.9,0.0,0.21989273894840672,-0.21989273894840672,0.012489574759589263,0.009367181069691947,0.0,0.0,19.7009334564209,-57.562889099121094,0.0018821334233507514
43452,19.95,0.0,1.085755820767071e-05,-1.085755820767071e-05,-0.07923478079574553,0.0,0.06338782463659642,0.0,19.70136833190918,-57.56289291381836,0.0018762587569653988
43453,20.0,0.0,0.22004392858232927,-0.22004392858232927,0.012384114224203352,0.009288085668152514,0.0,0.0,19.70024871826172,-57.56287384033203,0.0018821334233507514
